tweet_id,_unit_id,_golden,_unit_state,_trusted_judgments,_last_judgment_at,choose_one_category,choose_one_category:confidence,choose_one_category_gold,tweet_text
'503642988522647552',878953429,False,finalized,3,2/10/2016 12:32:35,sympathy_and_emotional_support,0.6857,,RT @JSimrock: Thinking of all those dealing with the #aftermath of the #earthquake in #California.
'503642996584513536',878953433,False,finalized,3,2/10/2016 12:43:26,not_related_or_irrelevant,1.0,,Did God Send Earthquake Because California Ship Workers DenyÂ Israel http://t.co/4md1LfhE7z
'503643003508883458',878953440,False,finalized,3,2/10/2016 14:05:00,not_related_or_irrelevant,1.0,,Skaters Make Best of Napa Earthquake by Shredding Buckled Streets http://t.co/buyrmiykwI
'503643031367467008',878953452,False,finalized,3,2/10/2016 13:08:35,sympathy_and_emotional_support,0.625,,Hoping for best: Powerful earthquake shakes Northern California http://t.co/gvBVrSbLgN http://t.co/aCgUeEt8ZE
'503643042926977025',878953460,False,finalized,3,2/10/2016 15:15:30,sympathy_and_emotional_support,0.3548,,"I really like graphs, and this one is pretty good - The Napa earthquake woke this many Jawbone Up wearers http://t.co/cOq1hljgjM"
'503643045867188224',878953464,False,finalized,3,2/10/2016 12:44:27,not_related_or_irrelevant,0.6462,,"RT @EditInfluence: Top story: M6.0  - 6km NW of American Canyon, California 2014-08-24 10:20:44 UTC http://t.co/xqp2iRgIKw, see more http:/â€¦"
'503643074514272256',878953475,False,finalized,3,2/10/2016 12:37:19,not_related_or_irrelevant,0.6757,,RT @bgittleson: This photo is very California. #napa #earthquake http://t.co/ZChvmbR369
'503643081066184704',878953478,False,finalized,3,2/10/2016 13:02:35,sympathy_and_emotional_support,1.0,,Prayers to all affected by #napaearthquake  this morning http://t.co/2Vmz353lCf
'503643113793933312',878953493,False,finalized,3,2/10/2016 12:56:58,not_related_or_irrelevant,0.7059,,RT @alawine: I see #napaquake trending on twitter. With your help I'd rather see these: #naparocks #pressonapa #napastrong #drinknapa #visiâ€¦
'503643124787609600',878953496,False,finalized,3,2/10/2016 14:05:00,donation_needs_or_offers_or_volunteering_services,0.6486,,"Full statement by Napa Valley Vintners on new #earthquake relief find, with link for making donations: http://t.co/KuWzMz5zpV via  NapaRegis"
'503643126683009025',878953498,False,finalized,3,2/10/2016 12:44:02,not_related_or_irrelevant,0.6667,,RT @bgittleson: This photo is very California. #napa #earthquake http://t.co/ZChvmbR369
'503643130059829248',878953503,False,finalized,3,2/10/2016 14:23:30,donation_needs_or_offers_or_volunteering_services,1.0,,RT @NapaCoRedCross: The @RedCross shelters in Napa and Vallejo remain open to assist those affected by the earthquake. #NapaQuake
'503643158580690944',878953525,False,finalized,3,2/10/2016 12:04:59,not_related_or_irrelevant,0.6857,,RT @bgittleson: This photo is very California. #napa #earthquake http://t.co/ZChvmbR369
'503643164834803712',878953531,False,finalized,3,2/10/2016 12:15:43,sympathy_and_emotional_support,0.7059,,"""ELCA offers prayers for those affected by California earthquake"" via @ELCANews http://t.co/80awJvXtvj #UNYS"
'503643166453825537',878953532,False,finalized,3,2/10/2016 14:24:15,donation_needs_or_offers_or_volunteering_services,0.3429,,RT @vjotimesherald: BOE announces emergency tax relief for business owners affected by South Napa Earthquake http://t.co/Td6okCs7jR
'503643171327602689',878953537,False,finalized,3,2/10/2016 16:04:38,not_related_or_irrelevant,0.3683,,Earthquake Blacks Out California http://t.co/BInjnRISq2
'503643171775983616',878953539,False,finalized,3,2/10/2016 13:37:59,sympathy_and_emotional_support,1.0,,RT @Hunter_2_Fast: Sending my thoughts out to Napa County firefighters I've met from Cal Fire LNU out working the quake today praying for yâ€¦
'503643175466983425',878953540,False,finalized,3,2/10/2016 12:14:13,not_related_or_irrelevant,0.3514,,RT @MeredithFrost: California in one picture. MT @vickydnguyen: Napa skaters finding upside to quake damage. Photo from Jeremy Carroll httpâ€¦
'503643181620015104',878953546,False,finalized,3,2/10/2016 13:41:36,donation_needs_or_offers_or_volunteering_services,0.6667,,"RT @AdamSchefter: Willie Brown will present $50,000 check Weds from Raiders to Napa Valley Schools to assist in efforts to recover from Sunâ€¦"
'503643190864257024',878953554,False,finalized,3,2/10/2016 12:10:49,sympathy_and_emotional_support,0.6486,,RT @TheEllenShow: Hoping that everyone involved in the Napa #earthquake is okay. Thank you to all the incredible rescue workers.
'503643192734916608',878953557,False,finalized,3,2/10/2016 13:47:52,not_related_or_irrelevant,0.7059,,RT @mamamellet: @troyesivan @tyleroakley what's going on California? Did you feel the quake at all?
'503643209671925761',878953577,False,finalized,3,2/10/2016 13:31:33,not_related_or_irrelevant,1.0,,"@taylorswift13 @edsheeran your song ""SHAKE IT OFF"" rocks so much it caused a 6.1 #earthquake here in Nor.California Shaken off aftershocks"
'503643210288496643',878953579,False,finalized,3,2/10/2016 12:09:54,donation_needs_or_offers_or_volunteering_services,1.0,,RT @ChimneyRockWine: Do you want to help wineries who need help?  Here's one way you can:  Napa Earthquake Volunteers http://t.co/Q87rF7GzYâ€¦
'503643210892464128',878953581,False,finalized,3,2/10/2016 13:56:54,sympathy_and_emotional_support,1.0,,Mexico expresses solidarity to California after quake http://t.co/g2QToe0IKH #EN
'503643214998282241',878953588,False,finalized,3,2/10/2016 12:14:13,not_related_or_irrelevant,1.0,,RT @bgittleson: This photo is very California. #napa #earthquake http://t.co/ZChvmbR369
'503643216424357888',878953591,False,finalized,3,2/10/2016 12:32:35,sympathy_and_emotional_support,1.0,,RT @THEguywilson: Sending thoughts and prayers to all those affected by the earthquake. #Napa #NapaEarthquake
'503643216952844288',878953592,False,finalized,3,2/10/2016 12:17:50,not_related_or_irrelevant,0.3611,,Why The Earthquake Near San Francisco Is Just The Start Of The Shaking In California  http://t.co/5OIREbNtov
'503643218278240256',878953594,False,finalized,3,2/10/2016 14:47:54,not_related_or_irrelevant,0.6757,,RT @bgittleson: This photo is very California. #napa #earthquake http://t.co/ZChvmbR369
'503643219885031424',878953596,False,finalized,3,2/10/2016 12:41:06,not_related_or_irrelevant,0.3714,,California begins quake clear-up http://t.co/X2bDsnE22i #TopNews
'503643220949991424',878953597,False,finalized,3,2/10/2016 12:47:18,not_related_or_irrelevant,0.6563,,"Rest easy, oenophiles: Napa Valley quake wonâ€™t spike price of California wine http://t.co/KcAyoPRfS8 #stocks"
'503643221218824192',878953598,False,finalized,3,2/10/2016 14:00:49,not_related_or_irrelevant,0.6765,,"Skaters Make Best of Napa Earthquake by Shredding Buckled Streets: To quote Jurassic Park's esteemed, fictiona... http://t.co/hN1MFwPSSf"
'503643222598356992',878953599,False,finalized,3,2/10/2016 12:50:28,donation_needs_or_offers_or_volunteering_services,0.6286,,"RT @Hawk_Wakawaka: A look at Napa after the earthquake, how to help.   http://t.co/rwJIOSR0kf #wine #winelover"
'503643253875286016',878953617,False,finalized,3,2/10/2016 12:37:34,not_related_or_irrelevant,0.6875,,RT @vickydnguyen: Meadowbrook Lane in Napa-- skaters finding upside to quake damage. Photo from #nbcbayarea photog Jeremy Carroll http://t.â€¦
'503643271743037441',878953627,False,finalized,3,2/10/2016 12:22:22,not_related_or_irrelevant,0.6563,,Lemons from lemonadeâ€¦ MT @vickydnguyen: Napa skaters finding upside to quake damage. Photo from Jeremy Carroll http://t.co/GSfN19UrP5
'503643274926518272',878953629,False,finalized,3,2/10/2016 14:38:14,not_related_or_irrelevant,1.0,,RT @Johnny_Platanos: â€œ@bgittleson: This photo is very California. #napa #earthquake http://t.co/23j8e2d9qpâ€ hella rad
'503643285572055042',878953642,False,finalized,3,2/10/2016 14:25:34,not_related_or_irrelevant,0.6563,,"RT @weknowwhatsbest: Immediately after vacation, the First Couple will spend a few nights in Wine Country California to inspect any possiblâ€¦"
'503643291150458880',878953648,False,finalized,3,2/10/2016 13:32:02,donation_needs_or_offers_or_volunteering_services,0.6667,,GIVE WHERE YOU LIVE: How to help Bay Area earthquake victims via @abc7newsbayarea http://t.co/VHITwbMes2
'503643293406609409',878953654,False,finalized,3,2/10/2016 13:57:52,donation_needs_or_offers_or_volunteering_services,1.0,,RT @TheAcademicWino: Affected by the #napaearthquake and need help? Want to volunteer to help?  please use this forum to connect: plz RT htâ€¦
'503643304790360065',878953672,False,finalized,3,2/10/2016 12:35:31,not_related_or_irrelevant,1.0,,RT @bgittleson: This photo is very California. #napa #earthquake http://t.co/ZChvmbR369
'503643306291896320',878953674,False,finalized,3,2/10/2016 12:34:34,not_related_or_irrelevant,0.6757,,RT @JustinChungArt: Bad: Yesterday's #California #quake messed up my shelves. Good: Had reason to redo my action figure display. #sanfranciâ€¦
'503643306971398144',878953675,False,finalized,3,2/10/2016 13:05:01,not_related_or_irrelevant,0.3438,,Damaged chimney being taken down before it falls. #napaquake @kron4news http://t.co/MknwolWZkW
'503643307071639552',878953676,False,finalized,3,2/10/2016 12:36:43,not_related_or_irrelevant,0.6571,,"Right now in #California - #System, #funding, #quake, #earthquake, #country - more at http://t.co/B0P3jjKPZ5"
'503643312063258625',878953684,False,finalized,3,2/10/2016 12:37:01,not_related_or_irrelevant,0.6667,,Technology reveals who slept through Northern California quake - SFGate (blog) http://t.co/SYQHfDFHVR
'503643315548323840',878953686,False,finalized,3,2/10/2016 12:47:35,not_related_or_irrelevant,0.3529,,MUST SEE: Drone Video Offers Aerial View of Napa Quake Damage http://t.co/JmOKL1Muk8 http://t.co/ZY3CisI5MO
'503643323173969920',878953697,False,finalized,3,2/10/2016 13:11:23,sympathy_and_emotional_support,1.0,,@RLSms library and all four campuses basically zero damage.  Our thoughts are with everyone affected by #napaquake http://t.co/4wcyu49XPN
'503643335857569792',878953718,False,finalized,3,2/10/2016 12:47:53,sympathy_and_emotional_support,1.0,,#napaquake prayers to all in Napa tonight
'503643338332180482',878953720,False,finalized,3,2/10/2016 12:08:17,not_related_or_irrelevant,0.625,,RT @deadlinederek: Inside Staples store. #napa #quake http://t.co/a9KDEo7xk3
'503643339187830784',878953721,False,finalized,3,2/10/2016 13:32:02,not_related_or_irrelevant,0.6389,,RT @UTsandiego: Most California photo ever? Maybe. Napa #quake images here: http://t.co/q7qNWZRSLS http://t.co/OWBaphu8FZ
'503643342585233408',878953729,False,finalized,3,2/10/2016 12:56:31,not_related_or_irrelevant,0.6571,,RT @vickydnguyen: Meadowbrook Lane in Napa-- skaters finding upside to quake damage. Photo from #nbcbayarea photog Jeremy Carroll http://t.â€¦
'503643344644239360',878953732,False,finalized,3,2/10/2016 14:55:48,not_related_or_irrelevant,0.6791,,RT @vickydnguyen: Meadowbrook Lane in Napa-- skaters finding upside to quake damage. Photo from #nbcbayarea photog Jeremy Carroll http://t.â€¦
'503643345496047616',878953736,False,finalized,3,2/10/2016 14:25:09,not_related_or_irrelevant,0.7027,,US #USNews #California #earthquake #environmentalists California Environmentalists Decry Wildfire Plan http://t.co/ebYdyjw4sL
'503643352106299392',878953743,False,finalized,3,2/10/2016 13:10:28,not_related_or_irrelevant,0.6277,,RT @verge: The Napa earthquake woke this many Jawbone Up wearers http://t.co/ucqSHtClTD
'503643360381652992',878953756,False,finalized,3,2/10/2016 12:07:05,sympathy_and_emotional_support,1.0,,RT @OWCalifornia: Thoughts and prayers go out to all those affected by yesterday's earthquake in #Napa #California http://t.co/Z1YvDWKOvR
'503643362658750464',878953762,False,finalized,3,2/10/2016 14:00:49,donation_needs_or_offers_or_volunteering_services,0.6765,,RT @sfchronicle: Will federal aid arrive for #napaquake ? http://t.co/KGAoPLr39Q http://t.co/uYJyF3SbT4
'503643364827598848',878953766,False,finalized,3,2/10/2016 13:21:34,not_related_or_irrelevant,0.3514,,Northern California earthquake: Blue-collar Vallejo hit hard - SFGate http://t.co/yn0KFnpMD3 via @SFGate
'503643365771341825',878953768,False,finalized,3,2/10/2016 14:52:15,sympathy_and_emotional_support,1.0,,Our thoughts are with all those affected by the #napaquake. Wishing friends &amp; businesses quick recoveries. #napaearthquake #Napa #earthquake
'503643460797485056',878953795,False,finalized,3,2/10/2016 14:43:10,not_related_or_irrelevant,0.6842,,"Skaters Make Best of Napa Earthquake by Shredding Buckled Streets: To quote Jurassic Park's esteemed, fictional chaos-theorist Ian Ma..."
'503643462370328576',878953799,False,finalized,3,2/10/2016 13:57:26,not_related_or_irrelevant,0.3333,,California skaters turn quake-damaged roads into playland - ... http://t.co/jSEYJfG0Lk  #JerryBrown #PhotoGettyImages #SanFranciscoBay
'503643463125311488',878953800,False,finalized,3,2/10/2016 13:54:21,not_related_or_irrelevant,0.3529,,California earthquake: An Assessment of the Consequences and Preparations for a Catastrophic California Earthquake: F http://t.co/yChG1zVjej
'503643466531102720',878953808,False,finalized,3,2/10/2016 12:47:18,not_related_or_irrelevant,0.6667,,RT @pradeepto: XKCD predicted the future! http://t.co/vH19rDWPsh #earthquake #quake #SanFrancisco #California
'503643467134664704',878953809,False,finalized,3,2/10/2016 14:28:34,donation_needs_or_offers_or_volunteering_services,0.375,,"UCLA Civil and Engineering Department re CA water supply and Napa earthquake... ""We dodged a bullet this time."" http://t.co/zQvCXBaNB6"
'503643474122788864',878953825,False,finalized,3,2/10/2016 12:13:04,sympathy_and_emotional_support,1.0,,RT @TheOrlandoJones: Thoughts &amp; prayers w/ everyone affected by this morning's quake in the Bay Area.
'503643476207337472',878953828,False,finalized,3,2/10/2016 12:50:03,not_related_or_irrelevant,0.6667,,RT @preteenager: after the napa earthquake.... i fucking love cali dude http://t.co/5iPDrxVwWF
'503643477683752961',878953830,False,finalized,3,2/10/2016 13:12:39,not_related_or_irrelevant,0.6970000000000001,,"USGS: M 2.6 - 22km ENE of Soledad, California: DYFI? - ITime2014-08-26 19:15:44 UTC2014-08... http://t.co/Eo7wOlW2zO #earthquake #tremor"
'503643483442532353',878953840,False,finalized,3,2/10/2016 13:26:40,not_related_or_irrelevant,0.6875,,RT @dudleystorey: The essence of being human: skaters explore upside to Napa quake damage. cc @GreatDismal http://t.co/LzekB7RBYr
'503643485418037249',878953843,False,finalized,3,2/10/2016 12:38:51,not_related_or_irrelevant,1.0,,RT @bgittleson: This photo is very California. #napa #earthquake http://t.co/ZChvmbR369
'503643486923403264',878953848,False,finalized,3,2/10/2016 12:27:59,sympathy_and_emotional_support,0.6667,,"My heart goes out to all of those affected by the Napa quake this weekend.  As a native Southern Californian, I... http://t.co/9i5FCA5PGh"
'503643486956957697',878953849,False,finalized,3,2/10/2016 13:47:13,donation_needs_or_offers_or_volunteering_services,0.6667,,@BacchusCapital THX for RT of #napaearthquake  help forum http://t.co/gzOcSq0WUl #napaquake
'503643490967109632',878953856,False,finalized,3,2/10/2016 12:37:45,donation_needs_or_offers_or_volunteering_services,0.6471,,RT @AGI_Policy: Did you feel yesterday's 6.0 #earthquake in CA? Help our friends at @USGS collect data by completing their survey! http://tâ€¦
'503643491852111872',878953858,False,finalized,3,2/10/2016 14:43:10,donation_needs_or_offers_or_volunteering_services,1.0,,RT @2hip4tv: The kids tell me they will donate to The Napa Landmarks to help rebuild the downtown area. #napaquake http://t.co/i4m7LfgsIG
'503643493961838592',878953860,False,finalized,3,2/10/2016 12:43:08,not_related_or_irrelevant,0.3939,,â€œ@KTVU: California winemakers cleaning up after #napaearthquake http://t.co/wVgcpuODZ8 http://t.co/oSSHTC8nOzâ€@BrendaToste FYI Silver Oak
'503643497703153664',878953866,False,finalized,3,2/10/2016 13:24:10,donation_needs_or_offers_or_volunteering_services,0.6579,,"Recovering from quake, Napa County requests federal disaster assistance: The Napa County Board of Supervisors... http://t.co/wQ6KqegpFP"
'503643499137609728',878953867,False,finalized,3,2/10/2016 12:38:51,not_related_or_irrelevant,1.0,,RT @bgittleson: This photo is very California. #napa #earthquake http://t.co/ZChvmbR369
'503643504493731840',878953875,False,finalized,3,2/10/2016 13:49:28,not_related_or_irrelevant,1.0,,#Insurance A look at earthquakeâ€™s impact on California region [link removed]
'503643507865968641',878953881,False,finalized,3,2/10/2016 14:20:31,donation_needs_or_offers_or_volunteering_services,1.0,,"RT @RedCrossBayArea: Since Sunday's #napaquake, #RedCross has served 2,470 meals/snacks &amp; provided 90 overnight stays. Shelters are still oâ€¦"
'503643514321002498',878953892,False,finalized,3,2/10/2016 12:54:39,sympathy_and_emotional_support,1.0,,I hope the people of California are good &amp; no one got hurt or dead from the big quake.
'503643515738673152',878953894,False,finalized,3,2/10/2016 12:21:03,donation_needs_or_offers_or_volunteering_services,1.0,,RT @FansOaklandRaid: Raiders Assist in Napa Earthquake Recovery Efforts http://t.co/caABCHJ14L
'503643516883709952',878953896,False,finalized,3,2/10/2016 14:40:52,not_related_or_irrelevant,1.0,,@govttrader Put a GMT in there........waiting for the Napa earthquake excuse
'503643517512851456',878953897,False,finalized,3,2/10/2016 13:34:46,sympathy_and_emotional_support,0.6875,,USA Today gives the low down on #napaquake. Our thoughts go out to all those affected. Read all about it here   http://t.co/lFPJG3O2Qk
'503643521140928512',878953902,False,finalized,3,2/10/2016 14:50:10,not_related_or_irrelevant,0.6629999999999999,,"RT @UncorkOntario: Wed #ONWineChat looks at ""Climate/Viticulture/Pests/Challenges, plus  Napa earthquake"". Join the discussion at 10PM ET!"
'503643523296821248',878953905,False,finalized,3,2/10/2016 13:18:35,donation_needs_or_offers_or_volunteering_services,1.0,,RT @WineSearcher: Wine Industry Insight forum to link those needing help and those in the industry wanting to volunteer http://t.co/bdyBlYWâ€¦
'503643528455790592',878953913,False,finalized,3,2/10/2016 13:32:08,sympathy_and_emotional_support,1.0,,Sending our thoughts to all in #Napa #wine region affected by #napaquake from friends in #adelaidehills #SouthAustralia @AHWineRegion
'503643529621823488',878953917,False,finalized,3,2/10/2016 12:39:12,sympathy_and_emotional_support,0.6061,,My thoughts are with my friends &amp; neighbors in Napa #napaquake
'503643541776908288',878954036,False,finalized,3,2/10/2016 14:25:34,donation_needs_or_offers_or_volunteering_services,0.6629999999999999,,RT @denversolarguy: Napa Wine Industry Quake Help Forum Created (WineReviewBlog): Share With Friends:  |  | Science - Environment ... http:â€¦
'503643543164829696',878954040,False,finalized,3,2/10/2016 14:43:10,sympathy_and_emotional_support,0.3771,,RT @dev_jac: My first thought when reading about the earthquake on California:  http://t.co/FGEAhqXGZq http://t.co/8xKxZ4TmvS
'503643546604544000',878954044,False,finalized,3,2/10/2016 13:50:37,not_related_or_irrelevant,0.6667,,"ã€#USGS #alertã€‘ M 2.1, Northern California: August 26, 2014 05:26:07 GMT http://t.co/8313w75YZq #earthquake #tsunami #prayfromjapan"
'503643551025348609',878954051,False,finalized,3,2/10/2016 12:24:41,not_related_or_irrelevant,0.6944,,"Napa earthquake: 49ers game on, but ACE and Capital Corridor ... http://t.co/py4SoWmjA3"
'503643551138607105',878954052,False,finalized,3,2/10/2016 13:00:08,not_related_or_irrelevant,0.6765,,Jawbone UP Data Shows How Many Woke Up During the Napa Earthquake http://t.co/5CCib0axYq
'503643570721394688',878954067,False,finalized,3,2/10/2016 12:27:44,not_related_or_irrelevant,1.0,,RT @HistoryInPics: Scary Images From The 1989 Earthquake in California http://t.co/A1VztNnOXp
'503643571254075393',878954068,False,finalized,3,2/10/2016 13:26:08,sympathy_and_emotional_support,1.0,,I really don't understand anyone who's making fun of the earthquake in napa... It was really severe and damaged people's homes and lives..
'503643605521944576',878954089,False,finalized,3,2/10/2016 14:22:55,not_related_or_irrelevant,0.6563,,"RT @stocktonbuzz: California quake: The one before the 'Big One?': Relax. This quake wasn't a sign that the dreaded ""Big One"" is... http://â€¦"
'503643616045436930',878954095,False,finalized,3,2/10/2016 13:43:28,donation_needs_or_offers_or_volunteering_services,1.0,,Salvation Army Responding To California Earthquake http://t.co/S78lgNpUj1
'503643624622391296',878954103,False,finalized,3,2/10/2016 13:34:55,not_related_or_irrelevant,0.6486,,The Bay Area media is going a little over board with this Napa earthquake. Do we really need updates every 15 minutes?
'503643664539607041',878954120,False,finalized,3,2/10/2016 14:24:15,not_related_or_irrelevant,1.0,,Napa Earthquake ðŸ˜±ðŸ˜± Please don't take away my wine! ðŸ’ƒðŸ’ƒ
'503643666070921216',878954122,False,finalized,3,2/10/2016 14:22:55,not_related_or_irrelevant,0.6563,,RT @CBSThisMorning: Baby born in area hospital seconds before quake hit California: http://t.co/9MIMSUSnKk http://t.co/juScfRijSO
'503643672244928512',878954125,False,finalized,3,2/10/2016 12:56:54,not_related_or_irrelevant,0.6765,,6.0 quake hits #California Nice front page from .@NapaRegister epicenter of the #napaquake http://t.co/ClhOkZPuTO
'503643677437464577',878954234,False,finalized,3,2/10/2016 13:17:53,not_related_or_irrelevant,0.3514,,RT @Smallotsbigwine: The Napa Earthquake Wine Bucket Challenge.https://t.co/KXbfMrBoVS http://t.co/YRirnqFcAp
'503643681493360641',878954238,False,finalized,3,2/10/2016 12:08:34,not_related_or_irrelevant,0.6286,,Skaters Make Best of Napa Earthquake by Shredding Buckled Streets http://t.co/a2HcBh0Qlk To quote Jurassic Par... http://t.co/6rQYZKM6CX
'503643681866264576',878954239,False,finalized,3,2/10/2016 13:50:15,not_related_or_irrelevant,0.6757,,"Inanity or Insanity? Blaming Global Warming, Big Oil for South Napa Earthquake http://t.co/c3z0LHe8rX"
'503643692591095808',878954249,False,finalized,3,2/10/2016 12:15:27,not_related_or_irrelevant,0.3636,,More napa earthquake #FNR http://t.co/JBd8vn3Ho9
'503643697834389505',878954252,False,finalized,3,2/10/2016 12:16:59,sympathy_and_emotional_support,1.0,,My prayers go to those who got injured! thankful my god daughter is okayðŸ™ #napaearthquake
'503643728863436800',878954267,False,finalized,3,2/10/2016 14:32:59,sympathy_and_emotional_support,1.0,,RT @pjthompson29: â€œ@CellarPass: Our hearts are broken seeing the damage @trefethenfamily in Napa. #napaquake #napaearthquake  Trefethen neeâ€¦
'503643730239180800',878954269,False,finalized,3,2/10/2016 13:31:43,not_related_or_irrelevant,0.6970000000000001,,#WeAreBlessed as nation everytime a #earthquake or big storm wipes out #liberals &amp; their homes in California  #tcot #pjnet #uniteblue
'503643734299648002',878954274,False,finalized,3,2/10/2016 12:54:34,not_related_or_irrelevant,0.7059,,RT @fyeahCalifornia: Only in California does earthquake damage = skatepark. (photo by Jeremy Carroll) http://t.co/uTYDNKMO2t
'503643740553375744',878954278,False,finalized,3,2/10/2016 15:46:27,sympathy_and_emotional_support,1.0,,RT @smxleclifford: i've just heard about the north california earthquake. I hope you all are okay &lt;3
'503643746265997312',878954285,False,finalized,3,2/10/2016 12:10:34,sympathy_and_emotional_support,1.0,,RT @JohnnyGWeir: Safely enjoying Northern California. My prayers and thoughts are with everyone affected by this mornings earthquake.
'503643751961874432',878954288,False,finalized,3,2/10/2016 12:12:11,not_related_or_irrelevant,0.6757,,RT @bgittleson: This photo is very California. #napa #earthquake http://t.co/3CUBDkfQLf
'503643755560185856',878954290,False,finalized,3,2/10/2016 13:10:28,donation_needs_or_offers_or_volunteering_services,0.7136,,Fitness Trackers Help Quantify California's Quake http://t.co/JNBfNcWcbL
'503643757338578944',878954291,False,finalized,3,2/10/2016 13:04:13,sympathy_and_emotional_support,1.0,,#napaquake Our thoughts go out to the residents of Napa and surroundings at time when neighbors matter most @linkAgesTB
'503643767325605888',878954296,False,finalized,3,2/10/2016 13:36:25,not_related_or_irrelevant,0.7059,,RT @bgittleson: This photo is very California. #napa #earthquake http://t.co/ZChvmbR369
'503643771553067008',878954300,False,finalized,3,2/10/2016 14:05:00,not_related_or_irrelevant,0.3514,,Strong Earthquake Shakes Northern California - Wall Street Journal http://t.co/u5vSX7vt5B #EarthquakeNews
'503643778063007744',878954308,False,finalized,3,2/10/2016 12:48:46,sympathy_and_emotional_support,1.0,,Thoughts go out to the Napa Valley residents who were affected by earthquake.Im sure this adds to the tribulations of living in wine country
'503643778687963136',878954309,False,finalized,3,2/10/2016 14:00:49,not_related_or_irrelevant,1.0,,RT @bgittleson: This photo is very California. #napa #earthquake http://t.co/ZChvmbR369
'503643779262205953',878954311,False,finalized,3,2/10/2016 13:40:43,sympathy_and_emotional_support,1.0,,Our heartfelt wishes are for the people in California that   experienced the earthquake. Creatively Yours Custom... http://t.co/QseB38IbKZ
'503643782391136256',878954315,False,finalized,3,2/10/2016 12:27:59,not_related_or_irrelevant,0.3438,,Boy Hurt in California Quake: 'I Should Be Dead': Boy badly hurt by bricks in California quake says lucky to b... http://t.co/ex4scqEcZx
'503643789513474049',878954320,False,finalized,3,2/10/2016 12:56:58,not_related_or_irrelevant,0.7059,,"RT @mark_tarello: YIKES! Before &amp; after the earthquake this weekend in Napa, California. Photo: Carlos Gonzalez. #Earthquake http://t.co/3pâ€¦"
'503643796781801472',878954322,False,finalized,3,2/10/2016 13:04:51,not_related_or_irrelevant,1.0,,RT @MarcBodnick: What was the Napa earthquake like? https://t.co/2EHivavwF9
'503643805061373952',878954434,False,finalized,3,2/10/2016 12:37:30,donation_needs_or_offers_or_volunteering_services,0.6667,,#drinknapa and help our neighbors who lost so much !   http://t.co/PNstzH8eNx
'503643809515700224',878954440,False,finalized,3,2/10/2016 12:37:30,not_related_or_irrelevant,1.0,,RT @bgittleson: This photo is very California. #napa #earthquake http://t.co/ZChvmbR369
'503643812829216769',878954444,False,finalized,3,2/10/2016 12:56:07,not_related_or_irrelevant,0.6875,,Skaters in California turn quake-damaged road into skate ramp http://t.co/c8D67320Qa
'503643820622622720',878954449,False,finalized,3,2/10/2016 13:02:35,donation_needs_or_offers_or_volunteering_services,1.0,,RT @RAIDERS: Former Raiders LB @kirkmorrison encourages you to help with Napa earthquake relief. http://t.co/ry9CLu6LCB
'503643823260442624',878954453,False,finalized,3,2/10/2016 14:00:49,sympathy_and_emotional_support,1.0,,I just heard about the earthquake in California I hope everyone's safe and sound over there
'503643826582728704',878954457,False,finalized,3,2/10/2016 12:21:27,not_related_or_irrelevant,0.6944,,"@AlexisDelChiaro what beautiful cabin,courous did u see any of the NapaQuake damage on the way to tahoe?"
'503643835709157376',878954462,False,finalized,3,2/10/2016 12:20:43,sympathy_and_emotional_support,0.3333,,"We are grateful to report we suffered no damage to our winery or offices, and aside from ""reorganized"" homes, everyone is safe. #napaquake"
'503643836417986561',878954463,False,finalized,3,2/10/2016 12:15:43,sympathy_and_emotional_support,1.0,,So sorry for those who suffered injuries and loss. RT Earthquake Strikes Napa Valley; Wine Spectator: http://t.co/WVHOEYbJcM
'503643840121536514',878954465,False,finalized,3,2/10/2016 15:15:30,donation_needs_or_offers_or_volunteering_services,0.679,,"RT @TheRedDogInn: BUY NAPA VALLEY WINE! ðŸ·Wineries lost a lot in the earthquake. Buying will help them rebuild. Great idea, @RichardGrenell!"
'503643852734222337',878954472,False,finalized,3,2/10/2016 13:18:55,sympathy_and_emotional_support,0.6571,,"First thoughts to anyone injured of course, but havok wreaked in Napa and Sonoma is sad news http://t.co/uiAZ4O3XyP"
'503643868986744832',878954481,False,finalized,3,2/10/2016 14:02:42,not_related_or_irrelevant,0.3438,,Skaters Make Best of Napa Earthquake by Shredding Buckled Streets http://t.co/qns1jVEx6v
'503643880383070210',878954488,False,finalized,3,2/10/2016 12:54:39,sympathy_and_emotional_support,1.0,,RT @JINWOOniverse: Caught news about the floods in Busan and earthquake in California. Let's pray for everyone's safety!ðŸ™
'503643900154621952',878954502,False,finalized,3,2/10/2016 13:00:08,sympathy_and_emotional_support,0.6563,,RT @WomeninAV: Our thoughts/prayers for #AVTweeps @JMOTA3 @james_speaker in recovery from #napaearthquake. Pls support them and @ITDRC in tâ€¦
'503643902495031297',878954503,False,finalized,3,2/10/2016 13:18:35,donation_needs_or_offers_or_volunteering_services,0.6571,,"Raiders Assist in Napa Earthquake Recovery Efforts: The American Red Cross, Napa Valley Unified School Distric... http://t.co/Wq1YfOsThJ"
'503643932417622016',878954634,False,finalized,3,2/10/2016 12:51:37,not_related_or_irrelevant,0.3529,,Raw: Aerial Look at Napa Quake Damage http://t.co/x6xsT5S9Ye [Sale http://t.co/pdFAPT9xa6 ] #video
'503643944530366464',878954636,False,finalized,3,2/10/2016 13:23:32,donation_needs_or_offers_or_volunteering_services,1.0,,"RT @PGE_Paul: PGE4Me donates 400 lunches, breakfast food to @NapaCoRedCross shelter to help #NapaQuake victims. http://t.co/s8xkfIs05n"
'503643950775681025',878954639,False,finalized,3,2/10/2016 12:37:23,not_related_or_irrelevant,0.3514,,#USAHeadlines Northern California Quake: No Way to Know When Next One Will Hit http://t.co/Ozb7MJRIaj
'503643954731294722',878954641,False,finalized,3,2/10/2016 13:59:58,donation_needs_or_offers_or_volunteering_services,1.0,,Napa Valley Community Foundation may be able to help gather donations for the quake impacts like @cfncw https://t.co/B04JSsHphG
'503643965292150784',878954651,False,finalized,3,2/10/2016 13:24:10,sympathy_and_emotional_support,1.0,,Our thoughts and hearts are with all our Napa friends and those affected by the earthquake.
'503643967553282050',878954655,False,finalized,3,2/10/2016 12:17:40,sympathy_and_emotional_support,1.0,,"RT @megmaker: Sending healing, stable thoughts to friends in Napa, esp. those who lost wine stocks. #napa #earthquake"
'503643981469593600',878954670,False,finalized,3,2/10/2016 12:36:47,not_related_or_irrelevant,0.6471,,Skaters Make Best of Napa Earthquake by Shredding Buckled Streets http://t.co/TkuDa0FHN8 via @mashable
'503643982031646720',878954671,False,finalized,3,2/10/2016 12:07:50,donation_needs_or_offers_or_volunteering_services,1.0,,RT @RAIDERS: Raiders to help Napa in earthquake recovery efforts... http://t.co/raVKv869W3 http://t.co/wU1iSvdbB2
'503643984351088640',878954672,False,finalized,3,2/10/2016 13:10:28,donation_needs_or_offers_or_volunteering_services,1.0,,"@amy_pfister @AnnaKendrick47 Heard she was first in line to volunteer to help ""clean up"" the Napa quake mess."
'503643989992407040',878954678,False,finalized,3,2/10/2016 12:30:35,sympathy_and_emotional_support,1.0,,The staff at SoNapa sends our thoughts to our friends in the Napa Valley  #napaquake
'503643990122442752',878954679,False,finalized,3,2/10/2016 13:50:15,sympathy_and_emotional_support,0.3529,,"ã€#USGS #Breakingã€‘ M 1.3, 1km ESE of The Geysers, California http://t.co/pRgTc6D3DX #PastHour #13 #earthquake #tsunami #prayfromjapan"
'503643998297133057',878954689,False,finalized,3,2/10/2016 13:35:10,donation_needs_or_offers_or_volunteering_services,1.0,,"RT @latimes: Volunteers flock to Napa to help earthquake victims: http://t.co/vPqx8IxciJ ""The kindness of strangers just keeps on amazing mâ€¦"
'503644015099916289',878954698,False,finalized,3,2/10/2016 13:00:08,not_related_or_irrelevant,0.3529,,California winemakers cleaning up after quake http://t.co/c2ZQLHBKLR #earthquake #california #wines
'503644039200407552',878954711,False,finalized,3,2/10/2016 13:41:25,donation_needs_or_offers_or_volunteering_services,0.6970000000000001,,"2 shelters open for #napaquake: Crosswalk Cmnty Church, 2590 1st St, #NAPA &amp; Florence Douglas Cntr, 333 Amador St, #VALLEJO  redcrossbayarea"
'503644044174454784',878954715,False,finalized,3,2/10/2016 14:26:28,sympathy_and_emotional_support,0.6286,,"RT @onehottmess12: Obama has been briefed on the Napa earthquake.  He expressed deep concern, &amp; has sent out a special envoy to evaluate thâ€¦"
'503644053720682497',878954721,False,finalized,3,2/10/2016 14:52:15,donation_needs_or_offers_or_volunteering_services,1.0,,"Oakland Raiders to Donate $50,000 for Earthquake Relief in Napa http://t.co/3MH4QbbrvG"
'503644061048528898',878954725,False,finalized,3,2/10/2016 12:34:33,sympathy_and_emotional_support,1.0,,"Our thoughts, prayers and best wishes are with our friends south of us in Sonoma &amp; Napa after the recent quake. #NapaStrong"
'503644084435550208',878954840,False,finalized,3,2/10/2016 12:28:12,not_related_or_irrelevant,0.6389,,[[â™¥#SoyIncreibleâ™¥]] My kitchen after Napa earthquake: This is what my kitchen looked l... http://t.co/mJAURd7TzT [[â™¥#SoyIncreibleâ™¥]]
'503644086856077313',878954842,False,finalized,3,2/10/2016 13:34:55,not_related_or_irrelevant,0.6486,,RT @bgittleson: This photo is very California. #napa #earthquake http://t.co/ZChvmbR369
'503644103439945728',878954854,False,finalized,3,2/10/2016 12:19:29,not_related_or_irrelevant,0.6944,,@la_patilla Earthquakes in California and Peru does the mega-earthquake is coming? http://t.co/0djR3hfiNW Spanish
'503644119965900800',878954865,False,finalized,3,2/10/2016 14:52:15,donation_needs_or_offers_or_volunteering_services,1.0,,Check it out! I donated to Napa Earthquake Volunteers http://t.co/Zksso4COHU via @gofundme
'503644121643225088',878954866,False,finalized,3,2/10/2016 13:00:48,not_related_or_irrelevant,0.625,,Is the 'Big One' coming? #USGS #California #MountainView #paloalto #earthquake #SanAndres #SanJose #Fremont http://t.co/iwlmsVR850
'503644137267023872',878954874,False,finalized,3,2/10/2016 12:25:23,donation_needs_or_offers_or_volunteering_services,0.3529,,RT @RAIDERS: Raiders @ProFootballHOF Willie Brown represents the Silver &amp; Blackbin Napa as the team helps with earthquake relief. http://t.â€¦
'503644146390024192',878954878,False,finalized,3,2/10/2016 12:37:23,sympathy_and_emotional_support,1.0,,"@natureskid There was also an earthquake in California, prayers for those people that had a lot of property damage"
'503644147933511680',878954880,False,finalized,3,2/10/2016 13:11:23,not_related_or_irrelevant,0.3548,,"Check out the video of damage from the #Napa earthquake shot by a ""drone"" quadcopter. A safer way to assess damage. https://t.co/KNjJ8bDNCz"
'503644162466795522',878954890,False,finalized,3,2/10/2016 13:50:37,not_related_or_irrelevant,0.6389,,RT @LetsDoCoke: â€œ@JuicyJaaae: Drop like an earthquake!â€ @california
'503644198797864960',878954919,False,finalized,3,2/10/2016 12:37:30,sympathy_and_emotional_support,0.6659,,RT @marcygordon: Glad no one was injured in this. RT @matthiassonwine: Will be barrel pickup sticks #napaearthquake http://t.co/ssHQyQVEqd
'503644199095644160',878954920,False,finalized,3,2/10/2016 13:27:52,sympathy_and_emotional_support,1.0,,Hope everyone's able to get through today's 6.0 #earthquake in Bay Area of California.
'503644216137097217',878954928,False,finalized,3,2/10/2016 12:37:23,not_related_or_irrelevant,0.3514,,#USAHeadlines Northern California Quake: No Way to Know When Next One Will Hit http://t.co/zdJTgtvwah
'503644217101398016',878954929,False,finalized,3,2/10/2016 13:08:46,sympathy_and_emotional_support,1.0,,RT @sashaalexander: My thoughts w/ everyone involved in #napaearthquake. Thank you to the rescue workers!
'503644220964356096',878955033,False,finalized,3,2/10/2016 12:41:42,not_related_or_irrelevant,0.6452,,This little fella can't be bothered by the #Napa earthquake. Stay strong #BayArea! https://t.co/ShnRhQbP9v #Dropcam #BabyMonitor
'503644225930805248',878955037,False,finalized,3,2/10/2016 12:30:52,sympathy_and_emotional_support,0.6667,,RT @Flickr: Photographers capture Northern California's #earthquake aftermath. Our hearts go out to those impacted by it. https://t.co/O9vgâ€¦
'503644228971290624',878955040,False,finalized,3,2/10/2016 13:36:30,donation_needs_or_offers_or_volunteering_services,0.6452,,RT @cinebeats: Many pets frightened by #earthquake in Napa are missing &amp; possibly injured. This group is trying to help https://t.co/aGotxoâ€¦
'503644233723826176',878955043,False,finalized,3,2/10/2016 12:22:44,sympathy_and_emotional_support,1.0,,"Prayers for the people of Napa, California! #earthquake"
'503644242741559296',878955051,False,finalized,3,2/10/2016 12:38:51,donation_needs_or_offers_or_volunteering_services,1.0,,RT @LauraGarciaCann: After #Napaquake @petfoodexpress is collecting donations at all of its stores for #Napa Co.animal shelters and will maâ€¦
'503644248592220160',878955055,False,finalized,3,2/10/2016 12:10:34,donation_needs_or_offers_or_volunteering_services,0.6286,,RT @NapaCoRedCross: Shelter open in Napa - Crosswalk Community Church 2590 1st. St in Napa. #napaquake
'503644286819106816',878955071,False,finalized,3,2/10/2016 12:13:39,not_related_or_irrelevant,1.0,,RT @bgittleson: This photo is very California. #napa #earthquake http://t.co/ZChvmbR369
'503644292657606657',878955078,False,finalized,3,2/10/2016 13:31:43,sympathy_and_emotional_support,1.0,,RT @guildsomm: Sending good thoughts to Guild friend Steve Matthiasson and anyone else affected â€œ@matthiassonwine: #napaearthquake http://tâ€¦
'503644307719720961',878955090,False,finalized,3,2/10/2016 13:36:25,sympathy_and_emotional_support,1.0,,Thoughts and prayers to CalifornIa earthquake.
'503644311968178176',878955094,False,finalized,3,2/10/2016 13:00:08,not_related_or_irrelevant,0.6875,,RT @bgittleson: This photo is very California. #napa #earthquake http://t.co/ZChvmbR369
'503644314262851584',878955098,False,finalized,3,2/10/2016 12:34:50,sympathy_and_emotional_support,0.6757,,RT @garyvee: My thoughts are with everyone in the NAPA valley area ... #earthquake
'503644319728033792',878955102,False,finalized,3,2/10/2016 12:22:14,donation_needs_or_offers_or_volunteering_services,0.6389,,RT @CorkOnTheNFL: Willie Brown will present Napa Valley Unified School District ... with a check from #Raiders to assist in efforts to recoâ€¦
'503644352552660992',878955119,False,finalized,3,2/10/2016 14:43:10,donation_needs_or_offers_or_volunteering_services,1.0,,How about buying ONLY NAPA wines To help those in trouble from the earthquake last night.
'503644361478131716',878955126,False,finalized,3,2/10/2016 12:57:26,not_related_or_irrelevant,0.3529,,RT @janinebucks: Â¦ http://t.co/L7feQrJPCk 32 Â¦ Napa earthquake of 2014 Â¦ Yesterday s early morning earthquake in Napa Valley was detected bâ€¦
'503644404343513089',878955246,False,finalized,3,2/10/2016 13:03:59,not_related_or_irrelevant,1.0,,RT @bgittleson: This photo is very California. #napa #earthquake http://t.co/ZChvmbR369
'503644411298078721',878955253,False,finalized,3,2/10/2016 12:37:34,not_related_or_irrelevant,0.6875,,RT @KUNGfu_Kam1: California is so luckyðŸ˜© they had a damn earthquake and they been out of school for 2 days ðŸ˜©ðŸ˜©
'503644412065615874',878955254,False,finalized,3,2/10/2016 15:46:27,not_related_or_irrelevant,1.0,,RT @bgittleson: This photo is very California. #napa #earthquake http://t.co/ZChvmbR369
'503644427584544769',878955262,False,finalized,3,2/10/2016 16:04:38,not_related_or_irrelevant,1.0,,#quake RT @AlexJamesFitz This is the most #California thing http://t.co/vZtp6maTW7
'503644432797687808',878955265,False,finalized,3,2/10/2016 14:55:48,donation_needs_or_offers_or_volunteering_services,1.0,,"RT @AdamSchefter: Willie Brown will present $50,000 check Weds from Raiders to Napa Valley Schools to assist in efforts to recover from Sunâ€¦"
'503644453459218432',878955275,False,finalized,3,2/10/2016 13:01:15,not_related_or_irrelevant,0.6571,,RT @HistoryInPics: Scary Images From The 1989 Earthquake in California http://t.co/A1VztNnOXp
'503644457259245568',878955276,False,finalized,3,2/10/2016 14:21:09,not_related_or_irrelevant,0.6471,,RT @GabrielleNYC: RT @bgittleson: This photo is very California. #napa #earthquake http://t.co/sYcUlbHp2W
'503644475345088512',878955287,False,finalized,3,2/10/2016 12:37:30,not_related_or_irrelevant,1.0,,RT @bgittleson: This photo is very California. #napa #earthquake http://t.co/ZChvmbR369
'503644494013558784',878955298,False,finalized,3,2/10/2016 13:06:25,not_related_or_irrelevant,0.6571,,Fitness Trackers Quantify Sundayâ€™s Northern California Earthquake: Where was the shaking from Sundayâ€™s earthqu... http://t.co/MpvZVgefAe
'503644496014213120',878955299,False,finalized,3,2/10/2016 14:42:46,donation_needs_or_offers_or_volunteering_services,0.6798,,RT @KatieDowd: Help pets find their homes! Napa shelter has pics of pets that were found after the earthquake http://t.co/qcUPziUaum http:/â€¦
'503644502301892608',878955304,False,finalized,3,2/10/2016 12:37:19,not_related_or_irrelevant,0.6757,,RT @Logan_Dion: Typical Californiaâ˜€ï¸ skating the earthquake fault linesðŸ˜‚ http://t.co/YUWyJk6KUs
'503644510728249344',878955307,False,finalized,3,2/10/2016 12:50:56,donation_needs_or_offers_or_volunteering_services,0.6563,,RT @IBEW: #IBEW members respond to Napa earthquake http://t.co/lquhFd5QbH #1u via @IBEWlocal1245
'503644518689013762',878955309,False,finalized,3,2/10/2016 13:14:07,sympathy_and_emotional_support,1.0,,RT @sherehaan: My prayers go out to peoples of #California #earthquake ðŸ’
'503644548925759488',878955321,False,finalized,3,2/10/2016 12:17:50,not_related_or_irrelevant,0.3611,,RT @Revelation1217: The California Earthquake Is Just A Preview Of What Is Coming   http://t.co/6PxoDxzwOR
'503644553228713984',878955323,False,finalized,3,2/10/2016 13:10:28,not_related_or_irrelevant,0.6286,,RT @vickydnguyen: Meadowbrook Lane in Napa-- skaters finding upside to quake damage. Photo from #nbcbayarea photog Jeremy Carroll http://t.â€¦
'503644565849374722',878955327,False,finalized,3,2/10/2016 12:55:41,donation_needs_or_offers_or_volunteering_services,0.6774,,"RT @NapaCoRedCross: There is also a shelter open in Vallejo for those needing a place to stay: Florence Douglas Center- 333 Amador St, Vallâ€¦"
'503644573906653184',878955541,False,finalized,3,2/10/2016 14:19:00,sympathy_and_emotional_support,1.0,,RT @laurendubinsky: hoping the best for those affected by the napa earthquake ðŸ˜” have to shoutout the @latimes for ending with this line: htâ€¦
'503644574019907584',878955542,False,finalized,3,2/10/2016 13:03:59,sympathy_and_emotional_support,0.6970000000000001,,@smpfilms An earthquake hit California. Hope your family is alright.
'503644588301504512',878955549,False,finalized,3,2/10/2016 13:11:23,not_related_or_irrelevant,0.3548,,RT @mashable: YouTube video shows aerial view of post-earthquake damage in Napa -http://t.co/h1Zt2VCg3u http://t.co/uKJbaIsgHt
'503644609021374464',878955560,False,finalized,3,2/10/2016 14:43:44,not_related_or_irrelevant,1.0,,"RT @AbuKhalidAK: America wages war against the Muslims, Allah shakes the earth beneath the Americans, in Wine Country, #California.   #Eartâ€¦"
'503644609839632384',878955562,False,finalized,3,2/10/2016 13:01:15,sympathy_and_emotional_support,1.0,,RT @janellejourno: Thankful I wasn't at my desk when the #napaquake hit. View of @NapaRegister newsroom. Thoughts to everyone affected. httâ€¦
'503644613216047105',878955564,False,finalized,3,2/10/2016 12:44:02,sympathy_and_emotional_support,0.3333,,How the Napa earthquake affected sleep in Northern California - https://t.co/xmRp4E0w78
'503644622220836864',878955572,False,finalized,3,2/10/2016 12:59:57,sympathy_and_emotional_support,1.0,,"Our thoughts are with the people who were injured/had damage in the earthquake. Being 25 miles away, we felt it. http://t.co/6fdiQZP35P"
'503644622409588736',878955573,False,finalized,3,2/10/2016 13:01:15,not_related_or_irrelevant,0.3529,,@EricHasseltine Welcome back. Was wondering if you got stuck in California with the earthquake.
'503644626788839424',878955575,False,finalized,3,2/10/2016 13:15:45,sympathy_and_emotional_support,1.0,,"RT @StPhilipsTucson: Please keep those affected by the recent earthquake in Napa, CA, in your prayers. City inspectors have red tagged... hâ€¦"
'503644626813591552',878955576,False,finalized,3,2/10/2016 14:05:00,donation_needs_or_offers_or_volunteering_services,1.0,,Check out @VinoIndustryhas forum to volunteer to help winemakers &amp; vintners following #NapaEarthquake http://t.co/riTDGOfbNJ
'503644650767261696',878955587,False,finalized,3,2/10/2016 13:15:45,sympathy_and_emotional_support,0.6579,,"@BereghostGames thank god u left California, they had an earthquake"
'503644654383153152',878955589,False,finalized,3,2/10/2016 14:26:54,donation_needs_or_offers_or_volunteering_services,1.0,,RT @abc7newsBayArea: San Francisco Mayor Ed Lee toured #quake damage in Napa this morning and offered help: http://t.co/25hYoM797Q #earthquâ€¦
'503644658325397504',878955592,False,finalized,3,2/10/2016 12:14:13,not_related_or_irrelevant,1.0,,RT @bgittleson: This photo is very California. #napa #earthquake http://t.co/ZChvmbR369
'503644668484415488',878955597,False,finalized,3,2/10/2016 13:54:21,sympathy_and_emotional_support,1.0,,RT @robinannberry: Prayers for all in #napaquake!
'503644691049762817',878955612,False,finalized,3,2/10/2016 15:01:11,sympathy_and_emotional_support,0.7059,,"RT @FoodieAffair: Note to #Napa: Be safe all! Help each other. Share candles, flashlights, #food, #wine, water &amp; kindness...#love to all!!!â€¦"
'503644702839562241',878955623,False,finalized,3,2/10/2016 12:44:27,not_related_or_irrelevant,0.6462,,Jawbone UP Data Shows How Many Woke Up During the Napa Earthquake http://t.co/FcPlaeQlvy
'503644713761517568',878955736,False,finalized,3,2/10/2016 13:04:51,donation_needs_or_offers_or_volunteering_services,1.0,,"Willie Brown will present $50,000 check Weds from Raiders to Napa Valley Schools to assist in efforts to recover from Sunday's earthquake."
'503644715351556097',878955738,False,finalized,3,2/10/2016 12:51:49,not_related_or_irrelevant,0.375,,RT @_theinspiration: Meadowbrook Lane in Napa-- skaters finding upside to quake damage. Photo from #nbcbayarea photo Jeremy Carroll http://â€¦
'503644727149723648',878955743,False,finalized,3,2/10/2016 12:57:26,donation_needs_or_offers_or_volunteering_services,0.7059,,Salvation Army Responds to the Napa California Earthquake : The Salvation Army http://t.co/bupopkz0uM #napa #earthquake
'503644745047228417',878955750,False,finalized,3,2/10/2016 12:54:34,not_related_or_irrelevant,0.6471,,"RT @Dick_Florida: Will the Earthquake of Things disrupt the earthquake we've all grown accustomed to? As always, California is the pioneer."
'503644749790584833',878955755,False,finalized,3,2/10/2016 12:51:15,sympathy_and_emotional_support,0.6579,,A true tragedy #lagunitas #beer #napa #earthquake #alwayssunnyincalifornia http://t.co/iiLkCY66tg
'503644756967444482',878955757,False,finalized,3,2/10/2016 13:04:05,sympathy_and_emotional_support,1.0,,All my thoughts and wishes go out to all my friends and family in Napa after the devastating earthquake. #napaearthquake #missmyson
'503644758699290624',878955758,False,finalized,3,2/10/2016 14:24:43,not_related_or_irrelevant,0.6571,,"US #US_News #California #earthquake #environmentalists California Environmentalists Decry Wildfire Plan: FRESNO,... http://t.co/SICEClheeZ"
'503644760515432448',878955760,False,finalized,3,2/10/2016 13:42:55,not_related_or_irrelevant,0.3714,,RT @ljstewartiv: Napa quake wine damage reaches NC http://t.co/HRECJ2oWgw
'503644783903252481',878955767,False,finalized,3,2/10/2016 12:12:30,sympathy_and_emotional_support,0.3529,,I love California and lived in Sacramento for a period but NAH YO. I'm not getting taken out by an earthquake. I'm good on all that.
'503644794959048704',878955774,False,finalized,3,2/10/2016 14:26:28,donation_needs_or_offers_or_volunteering_services,1.0,,"RT @BairCSN: .@RAIDERS doing some good in Napa. Donating $50,000 to help area recover from recent earthquake. Good on you, Silver and Black."
'503644818472726530',878955795,False,finalized,3,2/10/2016 12:27:52,sympathy_and_emotional_support,0.3514,,http://t.co/kfRkO2XxIp nooooooo..... dont mind a bit of californian wine - Disaster in Napa!! (And obv all others affected by the quake too)
'503644837993021440',878955802,False,finalized,3,2/10/2016 14:24:15,donation_needs_or_offers_or_volunteering_services,1.0,,Oakland Raiders to Donate to Napa Schools: Following Sunday's 6.0-magnitude earthquake that struck the heart of... http://t.co/3C4yuu2AjM
'503644839162826752',878955803,False,finalized,3,2/10/2016 12:56:31,not_related_or_irrelevant,1.0,,"RT @weknowwhatsbest: Immediately after vacation, the First Couple will spend a few nights in Wine Country California to inspect any possiblâ€¦"
'503644857777524736',878955813,False,finalized,3,2/10/2016 12:37:34,not_related_or_irrelevant,0.6875,,RT @bgittleson: This photo is very California. #napa #earthquake http://t.co/ZChvmbR369
'503644873111928833',878955817,False,finalized,3,2/10/2016 13:40:56,donation_needs_or_offers_or_volunteering_services,1.0,,RT @KTVU: Girls start lemonade stand to help with #napaquake relief http://t.co/LdtSrAYW0F http://t.co/lB8NipDOln
'503644883698319360',878955821,False,finalized,3,2/10/2016 12:27:59,sympathy_and_emotional_support,0.3333,,RT @TheWire: Why don't California homeowners have earthquake insurance? http://t.co/yYQYZcvOuD
'503644904904720384',878955938,False,finalized,3,2/10/2016 13:59:58,sympathy_and_emotional_support,1.0,,"#napaquake hits home. One local felt the quake, one is keeping his family in his prayers. @11pm @CBS47@KSEE24 http://t.co/HqeMqVafJS"
'503644909451358208',878955943,False,finalized,3,2/10/2016 12:14:13,donation_needs_or_offers_or_volunteering_services,0.6486,,RT @RAIDERS: Former Raiders LB @kirkmorrison encourages you to help with Napa earthquake relief. http://t.co/2rJdx2omqN
'503644909996220416',878955944,False,finalized,3,2/10/2016 12:34:33,not_related_or_irrelevant,0.3429,,RT @ReformedBroker: Applause RT @MeredithFrost: California in one picture. MT @vickydnguyen: Napa skaters find upside to quake damage. httpâ€¦
'503644914593198080',878955948,False,finalized,3,2/10/2016 12:35:50,sympathy_and_emotional_support,1.0,,"Thoughts, prayers to our friends with #earthquake damage, fears in California. Take care, folks."
'503644914849042432',878955949,False,finalized,3,2/10/2016 12:17:50,not_related_or_irrelevant,0.6842,,http://t.co/5mL5IHlUdQ #Earthquake #Earthquake Today Earthquake California Napa earthquake California Earthquake San Francisco Earthquake Uâ€¦
'503644931341041664',878955959,False,finalized,3,2/10/2016 13:03:59,not_related_or_irrelevant,0.6452,,RT @bgittleson: This photo is very California. #napa #earthquake http://t.co/ZChvmbR369
'503644932838785025',878955962,False,finalized,3,2/10/2016 12:27:52,not_related_or_irrelevant,1.0,,RT @bgittleson: This photo is very California. #napa #earthquake http://t.co/ZChvmbR369
'503644946587721730',878955976,False,finalized,3,2/10/2016 12:19:40,sympathy_and_emotional_support,0.375,,Looking at pix of busted #wine bottles in #napaquake making me sad and ready for #HappyHour ... Will toast w a #California #wine
'503644959237758976',878955998,False,finalized,3,2/10/2016 12:10:49,sympathy_and_emotional_support,1.0,,"RT @PEJU_Winery: Thank you for your well wishes about Napa earthquake, open for business thanks to our amazing hard working staff. HB http:â€¦"
'503644960588333056',878956000,False,finalized,3,2/10/2016 13:52:02,not_related_or_irrelevant,0.6757,,"RT @weknowwhatsbest: Immediately after vacation, the First Couple will spend a few nights in Wine Country California to inspect any possiblâ€¦"
'503644966024134660',878956004,False,finalized,3,2/10/2016 13:42:55,donation_needs_or_offers_or_volunteering_services,1.0,,Volunteers flock to Napa to lend quake victims a helping hand #jobs #news #career #jobsila # http://t.co/8xZnjeusL4
'503644966787108864',878956008,False,finalized,3,2/10/2016 12:22:59,donation_needs_or_offers_or_volunteering_services,1.0,,@G_Eazy should play a benefit show in Napa to help us repair from the quake! ðŸ’— #napaquake #BayAreaQuake #BayArea #GEazy #repairNapaValley
'503644972344954880',878956011,False,finalized,3,2/10/2016 13:52:02,not_related_or_irrelevant,0.6486,,Thank you Quakehold! steps from epicenter of 6.0 Napa earthquake... grandmothers hutch &amp; dishes are safe thanks to you!
'503644974131707904',878956012,False,finalized,3,2/10/2016 13:32:08,donation_needs_or_offers_or_volunteering_services,1.0,,Civil servants supporting Napa earthquake relief are impressive. Great to see them rise to the occasion. #napaquake
'503644977407483904',878956016,False,finalized,3,2/10/2016 12:50:28,not_related_or_irrelevant,0.6286,,RT @yaaasmineb: *hella California RT @bgittleson: This photo is very California. #napa #earthquake http://t.co/x1ZWYO4J3a
'503644980775514112',878956018,False,finalized,3,2/10/2016 14:05:00,not_related_or_irrelevant,1.0,,RT @HecklerForever: A magnitude 6.0 earthquake in California. It was so powerful it knocked Arnold Schwarzenegger off his housekeeper. - Daâ€¦
'503644988606259200',878956021,False,finalized,3,2/10/2016 12:56:31,not_related_or_irrelevant,0.6571,,#napaquake sounds alarm: Do a home &amp; business inventory of your stuff!  Help getting started: http://t.co/KpkoE8fhNO
'503645008755687424',878956033,False,finalized,3,2/10/2016 12:37:19,donation_needs_or_offers_or_volunteering_services,1.0,,"RT @BWilliamsonESPN: #Raiders will donate $50,000 to help recovery efforts from the Napa earthquake. It is the teamâ€™s training camp home."
'503645020247687168',878956142,False,finalized,3,2/10/2016 12:27:52,not_related_or_irrelevant,0.3714,,The Napa earthquake woke this many Jawbone Up wearers. http://t.co/55BtAujDgN
'503645039726448640',878956152,False,finalized,3,2/10/2016 12:43:08,donation_needs_or_offers_or_volunteering_services,0.6061,,#House candidate #JamesHinton: #FederalReserve must help rebuild #Napa-#Sonoma-#NorthBay c 0% 30-year loans TODAY http://t.co/e8prC6C3W0
'503645053978705920',878956161,False,finalized,3,2/10/2016 14:00:49,not_related_or_irrelevant,0.6765,,"RT @msav64: @winewankers Nooooooooo  ""What About The Wine?!"" re #Napa, California, M6.1 quake, via @DavidSilverOak  https://t.co/FwheCasCwHâ€"
'503645061850992640',878956168,False,finalized,3,2/10/2016 13:58:04,not_related_or_irrelevant,1.0,,"peaceroxi: That earthquake was a big â€œWELCOME TO CALIFORNIA, FUCKERSâ€ to all of the out of state/out of... http://t.co/C6q6Ic2hXw"
'503645086958096386',878956183,False,finalized,3,2/10/2016 13:06:25,not_related_or_irrelevant,0.6571,,"Of all the Napa earthquake skate tweets, I like the caption ""If life gives you earthquakes, skate it"" best."
'503645097565495296',878956189,False,finalized,3,2/10/2016 14:25:34,donation_needs_or_offers_or_volunteering_services,1.0,,RT @ctuan: The Guardian Angels have arrived to help keep an eye on things in downtown #Napa. #earthquake #jauntyberets http://t.co/dE18zRhOâ€¦
'503645102347014144',878956193,False,finalized,3,2/10/2016 13:06:25,not_related_or_irrelevant,1.0,,"RT @WWECreative_ish: If Big Show &amp; @TheMarkHenry ""running"" didn't cause a massive earthquake in California, nothing will. #RAWTonight"
'503645108739526656',878956198,False,finalized,3,2/10/2016 13:52:02,not_related_or_irrelevant,0.6486,,#Travel Indy Car race on after Northern California quake â€“ SFGate http://t.co/KYthVguQcB
'503645114619551744',878956199,False,finalized,3,2/10/2016 14:25:09,sympathy_and_emotional_support,0.6135,,RT @ReformedBroker: Applause RT @MeredithFrost: California in one picture. MT @vickydnguyen: Napa skaters find upside to quake damage. httpâ€¦
'503645146844758016',878956213,False,finalized,3,2/10/2016 14:24:43,donation_needs_or_offers_or_volunteering_services,1.0,,"RT @raleys: We were pleased to donate 8,000 gallons of water to help our Napa/Vallejo Salvation Army partners w #napaquake relief http://t.â€¦"
'503645150564720640',878956215,False,finalized,3,2/10/2016 13:27:18,not_related_or_irrelevant,1.0,,RT @bgittleson: This photo is very California. #napa #earthquake http://t.co/ZChvmbR369
'503645155120144384',878956217,False,finalized,3,2/10/2016 13:06:25,not_related_or_irrelevant,0.3611,,"RT @spillthwinegirl: ""Winemakers mop up after Napa earthquake"" http://t.co/1ojOLLXL3G #Napa #wine #napaquake"
'503645162233290752',878956220,False,finalized,3,2/10/2016 12:52:44,sympathy_and_emotional_support,1.0,,Our thoughts and best wishes go out to all of our friends in Napa and Sonoma. #napaquake
'503645170060259328',878956222,False,finalized,3,2/10/2016 13:57:32,sympathy_and_emotional_support,1.0,,RT @kcraSharokina: Mexico President Enrique Pena Nieto expresses solidarity with #California after #Napa earthquake damage. #kcra
'503645170315710464',878956223,False,finalized,3,2/10/2016 13:35:10,not_related_or_irrelevant,0.3429,,RT @TheNextWeb: This graph shows how many Jawbone Up users were awoken by the Napa earthquake http://t.co/32RFlmIGnU http://t.co/2L23nQPdI2
'503645174958804992',878956229,False,finalized,3,2/10/2016 12:35:50,sympathy_and_emotional_support,0.3421,,earthquake in California and storming back home in TCI #whatthe #stranded :(
'503645197587070976',878956342,False,finalized,3,2/10/2016 12:17:40,donation_needs_or_offers_or_volunteering_services,0.3548,,How you can help those hurt in the Napa earthquake - SFGate http://t.co/eolohUlZPG
'503645219837857792',878956361,False,finalized,3,2/10/2016 13:49:28,not_related_or_irrelevant,0.6970000000000001,,RT @Lahlahlindsey: MY TEAM MT @vickydnguyen: Napa-- skaters finding upside to quake damage. Photo from #nbcbayarea photog Jeremy Carroll htâ€¦
'503645219917922304',878956362,False,finalized,3,2/10/2016 15:15:30,donation_needs_or_offers_or_volunteering_services,0.6505,,Lodi Wine Industry Reaches Out To Help Napa Wineries Affected By Earthquake Â« CBS Sacramento http://t.co/gNZ4BAUNv1
'503645233540632577',878956380,False,finalized,3,2/10/2016 14:02:13,not_related_or_irrelevant,1.0,,RT @bgittleson: This photo is very California. #napa #earthquake http://t.co/ZChvmbR369
'503645235222573057',878956382,False,finalized,3,2/10/2016 14:02:42,not_related_or_irrelevant,1.0,,"RT @Shining_Abyss: ""@bgittleson: This photo is very California. #napa #earthquake http://t.co/IP1Vgp7HBy"" might as well make the best of itâ€¦"
'503645245863903232',878956399,False,finalized,3,2/10/2016 12:50:03,donation_needs_or_offers_or_volunteering_services,0.6774,,"Catholic Charities helps with relief after Calif. quake: Napa, Calif., Aug 26, 2014 / 05:07 am (EWTN News/CNA)... http://t.co/GAkxSQYVtK"
'503645252956475393',878956406,False,finalized,3,2/10/2016 14:38:14,donation_needs_or_offers_or_volunteering_services,1.0,,RT @KRON4DVillareal: Napa County vintners announces $10mil fund for #napaquake aid @kron4news http://t.co/f6LIPzzINW
'503645254386716672',878956407,False,finalized,3,2/10/2016 12:59:57,not_related_or_irrelevant,0.6571,,RT @twaimz: THERE'S ANOTHER PREDICTED EARTHQUAKE SOON IM GUNNA CRY LIKE CAN I JUST ESCAPE CALIFORNIA WITH A LLAMA
'503645256420569088',878956410,False,finalized,3,2/10/2016 13:57:47,donation_needs_or_offers_or_volunteering_services,0.6364,,Yes. RT @Luscious_Lushes: There will b billions of $ in damage this #earthquake.  Please support your #napa businesses &amp; buy more wine....
'503645267464163328',878956418,False,finalized,3,2/10/2016 14:49:35,donation_needs_or_offers_or_volunteering_services,1.0,,Pulling a double shift to go help the earthquake relief in Napa.
'503645286942515200',878956434,False,finalized,3,2/10/2016 12:31:49,sympathy_and_emotional_support,1.0,,I feel sorry for the California earthquake damage victims. That is the last place on the planet anyone would expect an earthquake.
'503645287592652801',878956435,False,finalized,3,2/10/2016 14:03:16,donation_needs_or_offers_or_volunteering_services,1.0,,RT @sal_castaneda: Oakland Raiders are donating 50-thousand dollars to the Napa area earthquake relief effort. #napaquake http://t.co/NY3Byâ€¦
'503645294420951041',878956645,False,finalized,3,2/10/2016 14:21:11,not_related_or_irrelevant,0.6757,,RT @bgittleson: This photo is very California. #napa #earthquake http://t.co/ZChvmbR369
'503645299886530562',878956650,False,finalized,3,2/10/2016 12:23:54,sympathy_and_emotional_support,1.0,,"PLEASE RETWEET,I AM ASKING FOR PRAYERS FOR ALL OF NAPA CA. THEY ARE HURTING UP THERE WITH 200+PEOPLE HURT,1BILLION N DAMAGES FROM EARTHQUAKE"
'503645314301964288',878956663,False,finalized,3,2/10/2016 14:23:30,not_related_or_irrelevant,0.6757,,"RT @BloomTV: In case it wasn't obvious, this #napaquake damaged car is sold ""as-is:"" http://t.co/XXEciHl7Yu"
'503645315618967552',878956664,False,finalized,3,2/10/2016 12:22:14,not_related_or_irrelevant,0.6389,,McCain Uses California Earthquake to Criticize Obama http://t.co/ntHfUZiZtw via @dailykos
'503645317905252352',878956668,False,finalized,3,2/10/2016 12:59:57,not_related_or_irrelevant,0.3429,,California quake: Was this the one before the 'Big One'? - CNN
'503645330370723843',878956681,False,finalized,3,2/10/2016 12:43:08,not_related_or_irrelevant,0.3939,,"#US For many Californians, cost of earthquake insurance outweighs the risks: NAPA Calif (Reuters) - Du... http://t.co/nGBZ9Yxdrr #Reuter"
'503645333855801345',878956684,False,finalized,3,2/10/2016 13:10:28,not_related_or_irrelevant,0.6277,,@Thegirlinrowk chart showing timeline of people with @fitbit woke up from Napa Earthquake http://t.co/QcMV933SCM
'503645354873458688',878956699,False,finalized,3,2/10/2016 12:09:38,sympathy_and_emotional_support,1.0,,Prayers go out to Napa Valley California to the 200+ people injured from the earthquake this morning
'503645363127869440',878956704,False,finalized,3,2/10/2016 12:38:51,not_related_or_irrelevant,1.0,,RT @bgittleson: This photo is very California. #napa #earthquake http://t.co/ZChvmbR369
'503645379494027264',878956719,False,finalized,3,2/10/2016 13:54:13,sympathy_and_emotional_support,0.6364,,Our thoughts go out to those who have lost wine due to the #napaquake http://t.co/hIHoFSjPvK
'503645383617413121',878956726,False,finalized,3,2/10/2016 13:17:10,not_related_or_irrelevant,0.3548,,RT @RFrederick_Art: Going to check my studio. A lot of #art &amp; supplies &amp; materials... Fingers X'd  #NapaQuake
'503645393385582592',878956733,False,finalized,3,2/10/2016 13:57:52,not_related_or_irrelevant,0.375,,RT @vickydnguyen: Meadowbrook Lane in Napa-- skaters finding upside to quake damage. Photo from #nbcbayarea photog Jeremy Carroll http://t.â€¦
'503645400079675392',878956736,False,finalized,3,2/10/2016 12:21:31,donation_needs_or_offers_or_volunteering_services,0.7143,,RT @RAIDERS: Raiders @ProFootballHOF Willie Brown represents the Silver &amp; Black in Napa as the team helps with earthquake relief. http://t.â€¦
'503645423370645504',878956851,False,finalized,3,2/10/2016 13:49:28,not_related_or_irrelevant,0.6563,,RT @bgittleson: This photo is very California. #napa #earthquake http://t.co/ZChvmbR369
'503645426260525056',878956853,False,finalized,3,2/10/2016 15:15:30,sympathy_and_emotional_support,0.7043,,RT @NapaVintners: TY to all who sent messages of help &amp; support. We continue to update info as we can see http://t.co/uOsMrLe74b #NVV #napaâ€¦
'503645429452771331',878956859,False,finalized,3,2/10/2016 13:39:46,not_related_or_irrelevant,0.6562,,Quake Is Major Test for Hard-Luck California City: California earthquake marks first major test of hard-luck c... http://t.co/HvnBflajm4
'503645430110900224',878956861,False,finalized,3,2/10/2016 12:42:57,donation_needs_or_offers_or_volunteering_services,0.6061,,RT @DoreenColondres: If you really want to help #drinknapa #wines #napaquake http://t.co/j4go5Ev9x7
'503645431490805760',878956862,False,finalized,3,2/10/2016 12:27:27,donation_needs_or_offers_or_volunteering_services,0.7087,,Outstanding work today from my @palatepress colleague @wblakegray on the Napa earthquake. Follow his remarkable twitter feed.
'503645436360417280',878956865,False,finalized,3,2/10/2016 14:35:31,not_related_or_irrelevant,0.6545,,RT @btemps: Great news California. Lot of earthquake experts on my flight to San Francisco.
'503645437484494848',878956869,False,finalized,3,2/10/2016 13:04:15,donation_needs_or_offers_or_volunteering_services,0.6667,,RT @nehlerssd: VIDEO: PG&amp;E Employees Descend on Napa to Aid Customers Impacted by Earthquake http://t.co/zXid15O61j via @PGE4ME #custserv #â€¦
'503645445416304640',878956876,False,finalized,3,2/10/2016 12:28:12,not_related_or_irrelevant,1.0,,RT @bgittleson: This photo is very California. #napa #earthquake http://t.co/ZChvmbR369
'503645446917472257',878956880,False,finalized,3,2/10/2016 12:08:34,not_related_or_irrelevant,0.7143,,RT @no2persecution: California earthquake captured on family's camera - video http://t.co/4cr1S0hUuX
'503645455415119872',878956890,False,finalized,3,2/10/2016 13:50:15,donation_needs_or_offers_or_volunteering_services,1.0,,"RT @RaidersFanZone: Raiders Assist in Napa Earthquake Recovery Efforts UPDATED: The American Red Cross, Napa Valley Unified School Dis httpâ€¦"
'503645461824036864',878956900,False,finalized,3,2/10/2016 15:01:11,donation_needs_or_offers_or_volunteering_services,1.0,,"#Napa region needs your help!  WFFF team encourages you to eat, drink &amp; play in Napa after #napaquake @NapaVintners http://t.co/QxmTkjOdaC"
'503645475170312192',878956913,False,finalized,3,2/10/2016 12:36:43,not_related_or_irrelevant,0.3714,,"Our #NapaQuake coverage continues from 11pm to midnight on NBC Bay Area. The latest on injuries, outages and damages. http://t.co/7OIuoy8Akf"
'503645478127296512',878956919,False,finalized,3,2/10/2016 12:04:59,donation_needs_or_offers_or_volunteering_services,0.6571,,"Aftershocks, aid are focus days after Napa earthquake: As aftershocks from Sunday's powerful eart... http://t.co/EOfTOACd8Y #quake #news"
'503645478882250752',878956921,False,finalized,3,2/10/2016 12:23:42,donation_needs_or_offers_or_volunteering_services,1.0,,RT @anexxia: Please consider donating if you can: Napa Humane is caring for pets whose owners are in shelters: http://t.co/sC8MxQIO8E #napaâ€¦
'503645481524686849',878956924,False,finalized,3,2/10/2016 14:28:34,not_related_or_irrelevant,0.375,,"RT @WWECreative_ish: If Big Show &amp; @TheMarkHenry ""running"" didn't cause a massive earthquake in California, nothing will. #RAWTonight"
'503645486390050816',878956927,False,finalized,3,2/10/2016 13:39:31,donation_needs_or_offers_or_volunteering_services,0.6667,,"RT @2hip4tv: #napaquake The children tell me it's tough to process, to help them they decided to sell baked goods &amp; lemonade, http://t.co/nâ€¦"
'503645493226795008',878956933,False,finalized,3,2/10/2016 12:17:50,not_related_or_irrelevant,0.6765,,RT @NapaWineGuy: #NapaWineGuy Notes on the Napa earthquake http://t.co/3xt1vfK0iF #Napa
'503645509622714369',878957042,False,finalized,3,2/10/2016 12:35:50,not_related_or_irrelevant,1.0,,RT @newsbabe1530: Have quake; will skateboard. Visit CA! RT @dbfish: The single most California photo of all time. #napaquake http://t.co/8â€¦
'503645515758583808',878957045,False,finalized,3,2/10/2016 13:23:54,donation_needs_or_offers_or_volunteering_services,1.0,,"Catholic Charities helps with relief after Calif. quake â€“ Napa Valley, Calif., Aug 26, 2014 / 04:07 am (CNA/EWT... http://t.co/uc03qEWToM"
'503645523950460929',878957051,False,finalized,3,2/10/2016 12:32:35,donation_needs_or_offers_or_volunteering_services,1.0,,RT @26DrDeath: ATTENTION ALL!!For those attending this Thursdays Raider game @66thmob will be collecting donations for #napaquake victims
'503645531219197953',878957055,False,finalized,3,2/10/2016 12:19:01,not_related_or_irrelevant,0.6765,,Brilliant!  Napa earthquake wine bucket challenge http://t.co/IkankaeryI
'503645546423537664',878957060,False,finalized,3,2/10/2016 13:49:17,donation_needs_or_offers_or_volunteering_services,1.0,,"The Napa food bank is very low on food. Need non-perishable foods,  Volunteers needed f  $ donations too #napaquake #earthquake"
'503645548793307136',878957061,False,finalized,3,2/10/2016 13:32:05,donation_needs_or_offers_or_volunteering_services,0.3429,,"Skaters Make Best of Napa Earthquake by Shredding Buckled Streets: To quote Jurassic Park's esteemed, fictiona... http://t.co/9bAl7PEFF6"
'503645553603801088',878957064,False,finalized,3,2/10/2016 13:27:18,not_related_or_irrelevant,1.0,,"seee â€œ@KalebNation: That wasnâ€™t an earthquake, California, that was God rolling out the red carpet for Beyonce. #VMAsâ€"
'503645556787646464',878957069,False,finalized,3,2/10/2016 12:38:42,sympathy_and_emotional_support,1.0,,Our thoughts &amp; best wishes are with our fellow winemakers in #Napa http://t.co/gcp8LANqhk
'503645559568498690',878957071,False,finalized,3,2/10/2016 14:43:08,not_related_or_irrelevant,0.6486,,California quake: One before the 'Big One'? http://t.co/7nsO6jiUnc
'503645562932314113',878957078,False,finalized,3,2/10/2016 12:26:27,sympathy_and_emotional_support,0.6875,,"RT @GoPro: The SF Bay Area shook last night from an earthquake, but the GoPro Grand Prix is on. Our thoughts go out to our Bay Area friendsâ€¦"
'503645568728449024',878957085,False,finalized,3,2/10/2016 13:39:31,donation_needs_or_offers_or_volunteering_services,0.6667,,"RT @RedCrossCRC: 2 shelters open for #napaquake: Crosswalk Cmnty Church, 2590 1st St, #NAPA &amp; Florence Douglas Cntr, 333 Amador St, #VALLEJâ€¦"
'503645577419444224',878957092,False,finalized,3,2/10/2016 13:57:52,donation_needs_or_offers_or_volunteering_services,1.0,,"RT @RAIDERS: ICYMI, Willie Brown presented a donation on behalf of the Raiders for Napa earthquake relief. http://t.co/raVKv869W3 http://t.â€¦"
'503645593495814144',878957102,False,finalized,3,2/10/2016 12:37:45,donation_needs_or_offers_or_volunteering_services,1.0,,"RT @kron4news: 2 shelters open for #napaquake: Crosswalk Cmnty Church, 2590 1st St, #NAPA &amp; Florence Douglas Cntr, 333 Amador St, #VALLEJO â€¦"
'503645597153636355',878957109,False,finalized,3,2/10/2016 13:04:51,not_related_or_irrelevant,1.0,,RT @bobkealingwesh: Classic post #earthquake shotâ€œ@bgittleson: This photo is very California. #napa #earthquake http://t.co/USIKExODqMâ€
'503645598105743360',878957111,False,finalized,3,2/10/2016 14:16:52,donation_needs_or_offers_or_volunteering_services,1.0,,RT @KathyEDSFLA: Salvation Army Responding To Napa Earthquake : The Salvation Army http://t.co/aFkJw8khVN #earthquake
'503645609371246592',878957121,False,finalized,3,2/10/2016 12:50:56,not_related_or_irrelevant,1.0,,"San Francisco Bay Area/Napa earthquake: dykes be like: ""last night my normal dildos momentarily turned into 'no batteries needed vibrators'"""
'503645611871051776',878957123,False,finalized,3,2/10/2016 12:51:49,sympathy_and_emotional_support,0.625,,"First time I've ever said ""aw, poor friend in napa"" #earthquake #winecountry"
'503645618384809984',878957125,False,finalized,3,2/10/2016 12:17:40,not_related_or_irrelevant,0.6452,,The Napa earthquake woke this many Jawbone Up wearers | The Verge http://t.co/1hoxuSJ3kD
'503645622046453760',878957128,False,finalized,3,2/10/2016 12:39:12,sympathy_and_emotional_support,1.0,,My Prayers to the Northern Ca. people who are in the Earthquake
'503645626454646785',878957129,False,finalized,3,2/10/2016 13:59:15,sympathy_and_emotional_support,0.7059,,"RT @The_New_Rome: Still, we find beauty (&amp; fun) among the ruins. ~ â€œ@tedd4u: I love California: RT @vickydnguyen Napa quake - http://t.co/Sâ€¦"
'503645627415154688',878957130,False,finalized,3,2/10/2016 13:19:03,not_related_or_irrelevant,1.0,,RT @Zamaanie: Zionist US supplies Israel with WMD for Terrorism #Israel #Gaza #Palestine #USA #Ferguson #UK #US #napaquake #p2 http://t.co/â€¦
'503644609839632384',879057907,True,golden,241,,sympathy_and_emotional_support,0.7755,sympathy_and_emotional_support,RT @janellejourno: Thankful I wasn't at my desk when the #napaquake hit. View of @NapaRegister newsroom. Thoughts to everyone affected. httâ€¦
'503645546423537664',879077492,True,golden,239,,donation_needs_or_offers_or_volunteering_services,1.0,donation_needs_or_offers_or_volunteering_services,"The Napa food bank is very low on food. Need non-perishable foods,  Volunteers needed f  $ donations too #napaquake #earthquake"
'503645515758583808',879078152,True,golden,244,,donation_needs_or_offers_or_volunteering_services,0.8938,donation_needs_or_offers_or_volunteering_services,"Catholic Charities helps with relief after Calif. quake â€“ Napa Valley, Calif., Aug 26, 2014 / 04:07 am (CNA/EWT... http://t.co/uc03qEWToM"
