TweetID,CreationTime,Followers,Followed,GeoTagged,TotalTweets,TwitterAge,nHashTags,nMentions,nUrls,Verified,Label,nRetweets,nLikes,Source,DeltaSeconds,Text,Location,StateProvince,Country,City,hasLocation,hasStateProvince,hasCountry,hasCity,hasTime,hasCriminal,hasDuration,hasDate,hasOrganization,hasDeath,hasMoney,hasIdeology,hasNumber,hasReligion,hasPerson,hasSet
503642988522647552,Sun Aug 24 20:40:20 +0000 2014,957,1124,True,31592,2097,0,1,1,False,sympathy_and_emotional_support,753,0,MobileApp,3,RT @JSimrock: Thinking of all those dealing with the aftermath of the earthquake in California.,None,california,None,None,False,True,False,False,False,False,False,False,False,True,False,False,False,False,False,False
503642996584513536,Sun Aug 24 20:40:22 +0000 2014,2482,1160,False,71166,3587,0,1,1,False,not_related_or_irrelevant,96,0,Client Web,5,Did God Send Earthquake Because California Ship Workers DenyÂ Israel http://t.co/4md1LfhE7z,None,california,israel,None,False,True,True,False,False,False,False,False,False,True,False,False,False,False,False,False
503643003508883458,Sun Aug 24 20:40:23 +0000 2014,105,264,False,4518,1418,0,1,1,False,not_related_or_irrelevant,101,0,MobileApp,6,Skaters Make Best of Napa Earthquake by Shredding Buckled Streets http://t.co/buyrmiykwI,None,None,None,None,False,False,False,False,False,False,False,False,False,True,False,False,False,False,False,False
503643042926977025,Sun Aug 24 20:40:33 +0000 2014,154,293,False,16636,2210,0,1,0,False,sympathy_and_emotional_support,18,0,MobileApp,16,"I really like graphs, and this one is pretty good - The Napa earthquake woke this many Jawbone Up wearers http://t.co/cOq1hljgjM",None,None,None,napa,False,False,False,True,False,False,False,False,False,True,False,False,True,False,False,False
503643045867188224,Sun Aug 24 20:40:34 +0000 2014,1642,2058,False,240870,2274,0,1,0,False,not_related_or_irrelevant,435,0,Client Web,17,"RT @EditInfluence: Top story: M6.0  - 6km NW of American Canyon, California 2014-08-24 10:20:44 UTC http://t.co/xqp2iRgIKw, see more http:/â€¦",None,california,None,None,False,True,False,False,True,False,False,False,True,False,True,False,True,False,False,False
503643081066184704,Sun Aug 24 20:40:42 +0000 2014,345,57,False,4662,2412,0,0,1,False,sympathy_and_emotional_support,0,0,Facebook,25,Prayers to all affected by napaearthquake  this morning http://t.co/2Vmz353lCf,None,None,None,None,False,False,False,False,True,False,False,False,False,False,False,False,False,False,False,False
503643124787609600,Sun Aug 24 20:40:52 +0000 2014,1488,750,True,100637,2419,1,0,0,False,donation_needs_or_offers_or_volunteering_services,3007,0,MobileApp,35,"Full statement by Napa Valley Vintners on new earthquake relief find, with link for making donations: http://t.co/KuWzMz5zpV via  NapaRegis",None,None,None,None,False,False,False,False,False,False,False,False,True,True,False,False,False,False,False,False
503643126683009025,Sun Aug 24 20:40:53 +0000 2014,3818,5070,False,28987,3304,1,3,1,True,not_related_or_irrelevant,3,0,MobileApp,36,RT @bgittleson: This photo is very California. napa earthquake http://t.co/ZChvmbR369,None,california,None,None,False,True,False,False,False,False,False,False,False,True,False,False,False,False,False,False
503643158580690944,Sun Aug 24 20:41:00 +0000 2014,774,3215,True,101428,3364,0,1,1,False,not_related_or_irrelevant,141,0,MobileApp,43,RT @bgittleson: This photo is very California. napa earthquake http://t.co/ZChvmbR369,None,california,None,None,False,True,False,False,False,False,False,False,False,True,False,False,False,False,False,False
503643164834803712,Sun Aug 24 20:41:02 +0000 2014,250,960,False,3702,3152,0,1,0,False,sympathy_and_emotional_support,41,0,Client Web,45,"""ELCA offers prayers for those affected by California earthquake"" via @ELCANews http://t.co/80awJvXtvj UNYS",None,california,None,None,False,True,False,False,False,False,False,False,True,True,False,False,False,False,False,False
503643166453825537,Sun Aug 24 20:41:02 +0000 2014,187,69,False,23846,3585,2,1,1,False,donation_needs_or_offers_or_volunteering_services,172,0,Tablet,45,RT @vjotimesherald: BOE announces emergency tax relief for business owners affected by South Napa Earthquake http://t.co/Td6okCs7jR,None,None,None,None,False,False,False,False,False,False,False,False,True,True,False,False,False,False,False,False
503643171327602689,Sun Aug 24 20:41:03 +0000 2014,34,274,True,382,2293,0,1,1,False,not_related_or_irrelevant,0,0,MobileApp,46,Earthquake Blacks Out California http://t.co/BInjnRISq2,None,california,None,None,False,True,False,False,False,False,False,False,False,True,False,False,False,False,False,False
503643171775983616,Sun Aug 24 20:41:04 +0000 2014,178,419,True,2813,2038,1,2,0,False,sympathy_and_emotional_support,17,0,MobileApp,47,RT @Hunter_2_Fast: Sending my thoughts out to Napa County firefighters I've met from Cal Fire LNU out working the quake today praying for yâ€¦,county,None,None,napa,True,False,False,True,False,False,False,True,True,False,True,False,False,False,False,False
503643181620015104,Sun Aug 24 20:41:06 +0000 2014,115,458,False,1378,3317,1,2,0,False,donation_needs_or_offers_or_volunteering_services,5,0,MobileApp,49,"RT @AdamSchefter: Willie Brown will present $50,000 check Weds from Raiders to Napa Valley Schools to assist in efforts to recover from Sunâ€¦",None,None,None,None,False,False,False,False,False,False,False,True,True,False,True,False,False,False,True,True
503643190864257024,Sun Aug 24 20:41:08 +0000 2014,1828,2375,False,36682,2534,0,1,1,False,sympathy_and_emotional_support,0,0,Developer,51,RT @TheEllenShow: Hoping that everyone involved in the Napa earthquake is okay. Thank you to all the incredible rescue workers.,None,None,None,napa,False,False,False,True,False,False,False,False,False,True,False,False,False,False,False,False
503643192734916608,Sun Aug 24 20:41:09 +0000 2014,11192,937,False,7150,3342,0,0,0,False,not_related_or_irrelevant,0,0,MobileApp,52,RT @mamamellet: @troyesivan @tyleroakley what's going on California? Did you feel the quake at all?,None,california,None,None,False,True,False,False,False,False,False,False,False,False,False,False,False,False,False,False
503643216424357888,Sun Aug 24 20:41:14 +0000 2014,66,30,False,102040,1585,0,0,0,False,sympathy_and_emotional_support,0,0,Twitterfeed,57,RT @THEguywilson: Sending thoughts and prayers to all those affected by the earthquake. Napa NapaEarthquake,None,None,None,None,False,False,False,False,False,False,False,False,False,True,False,False,False,False,True,False
503643218278240256,Sun Aug 24 20:41:15 +0000 2014,41,0,False,100018,1750,0,0,0,False,not_related_or_irrelevant,0,0,Twitterfeed,58,RT @bgittleson: This photo is very California. napa earthquake http://t.co/ZChvmbR369,None,california,None,None,False,True,False,False,False,False,False,False,False,True,False,False,False,False,False,False
503643219885031424,Sun Aug 24 20:41:15 +0000 2014,13643,2175,True,14009,2973,0,0,0,True,not_related_or_irrelevant,1,0,MobileApp,58,California begins quake clear-up http://t.co/X2bDsnE22i TopNews,None,california,None,None,False,True,False,False,False,False,False,False,False,False,False,False,False,False,False,False
503643220949991424,Sun Aug 24 20:41:15 +0000 2014,1822,1862,False,60093,2728,0,0,1,False,not_related_or_irrelevant,0,0,Twitterfeed,58,"Rest easy, oenophiles: Napa Valley quake wonâ€™t spike price of California wine http://t.co/KcAyoPRfS8 stocks",None,california,None,valley,False,True,False,True,False,False,False,False,False,False,True,False,False,False,False,False
503643221218824192,Sun Aug 24 20:41:15 +0000 2014,774,1285,True,2351,1422,0,2,0,False,not_related_or_irrelevant,9,0,Client Web,58,"Skaters Make Best of Napa Earthquake by Shredding Buckled Streets: To quote Jurassic Park's esteemed, fictiona... http://t.co/hN1MFwPSSf",None,None,None,None,False,False,False,False,False,False,False,False,False,True,False,False,False,False,False,False
503643222598356992,Sun Aug 24 20:41:16 +0000 2014,147,0,False,162727,1481,0,0,1,False,donation_needs_or_offers_or_volunteering_services,0,0,OtherSite,59,"RT @Hawk_Wakawaka: A look at Napa after the earthquake, how to help.   http://t.co/rwJIOSR0kf wine winelover",None,None,None,None,False,False,False,False,False,False,False,False,False,True,False,False,False,False,False,False
503643253875286016,Sun Aug 24 20:41:23 +0000 2014,10,160,True,683,1394,0,2,0,False,not_related_or_irrelevant,409,0,MobileApp,66,RT @vickydnguyen: Meadowbrook Lane in Napa-- skaters finding upside to quake damage. Photo from nbcbayarea photog Jeremy Carroll http://t.â€¦,None,None,None,None,False,False,False,False,False,False,False,False,True,False,False,False,False,False,True,False
503643274926518272,Sun Aug 24 20:41:28 +0000 2014,298,290,True,17569,2144,2,1,0,False,not_related_or_irrelevant,4542,0,MobileApp,71,RT @Johnny_Platanos: â€œ@bgittleson: This photo is very California. napa earthquake http://t.co/23j8e2d9qpâ€ hella rad,None,california,None,None,False,True,False,False,False,False,False,False,False,True,True,False,False,False,True,False
503643285572055042,Sun Aug 24 20:41:31 +0000 2014,52,617,True,121,3112,0,1,0,False,not_related_or_irrelevant,661,0,MobileApp,74,"RT @weknowwhatsbest: Immediately after vacation, the First Couple will spend a few nights in Wine Country California to inspect any possiblâ€¦",country,california,None,None,True,True,False,False,True,False,False,False,False,False,True,False,False,False,False,False
503643291150458880,Sun Aug 24 20:41:32 +0000 2014,2273,539,False,76889,2558,3,1,1,False,donation_needs_or_offers_or_volunteering_services,0,0,UnofficialApps,75,GIVE WHERE YOU LIVE: How to help Bay Area earthquake victims via @abc7newsbayarea http://t.co/VHITwbMes2,area,None,None,bay,True,False,False,True,False,False,False,False,False,True,False,False,False,False,False,False
503643293406609409,Sun Aug 24 20:41:33 +0000 2014,3266,1481,False,2763,3374,0,1,0,True,donation_needs_or_offers_or_volunteering_services,30,0,Client Web,76,RT @TheAcademicWino: Affected by the napaearthquake and need help? Want to volunteer to help?  please use this forum to connect: plz RT htâ€¦,None,None,None,None,False,False,False,False,False,False,False,False,False,False,True,False,False,False,False,False
503643304790360065,Sun Aug 24 20:41:35 +0000 2014,2850,302,False,88768,2643,3,1,1,False,not_related_or_irrelevant,0,0,UnofficialApps,78,RT @bgittleson: This photo is very California. napa earthquake http://t.co/ZChvmbR369,None,california,None,None,False,True,False,False,False,False,False,False,False,True,False,False,False,False,False,False
503643306291896320,Sun Aug 24 20:41:36 +0000 2014,3954,737,True,57418,3062,3,1,1,False,not_related_or_irrelevant,0,0,UnofficialApps,79,RT @JustinChungArt: Bad: Yesterday's California quake messed up my shelves. Good: Had reason to redo my action figure display. sanfranciâ€¦,None,california,None,None,False,True,False,False,False,False,False,True,False,False,True,False,False,False,False,False
503643306971398144,Sun Aug 24 20:41:36 +0000 2014,8064,610,False,82465,3038,3,1,1,False,not_related_or_irrelevant,0,0,UnofficialApps,79,Damaged chimney being taken down before it falls. napaquake @kron4news http://t.co/MknwolWZkW,None,None,None,None,False,False,False,False,False,False,False,False,False,False,False,False,False,False,False,False
503643307071639552,Sun Aug 24 20:41:36 +0000 2014,2726,656,True,2295,2447,1,1,1,False,not_related_or_irrelevant,1,0,Developer,79,"Right now in California - System, funding, quake, earthquake, country - more at http://t.co/B0P3jjKPZ5",None,california,None,None,False,True,False,False,False,False,False,True,False,True,False,False,False,False,False,False
503643312063258625,Sun Aug 24 20:41:37 +0000 2014,1750,316,False,117302,2201,3,1,1,False,not_related_or_irrelevant,0,0,UnofficialApps,80,Technology reveals who slept through Northern California quake - SFGate (blog) http://t.co/SYQHfDFHVR,northern,california,None,None,True,True,False,False,False,False,False,False,False,False,False,False,False,False,False,False
503643315548323840,Sun Aug 24 20:41:38 +0000 2014,60,175,False,64,1847,2,1,0,False,not_related_or_irrelevant,4542,0,OtherSite,81,MUST SEE: Drone Video Offers Aerial View of Napa Quake Damage http://t.co/JmOKL1Muk8 http://t.co/ZY3CisI5MO,None,None,None,None,False,False,False,False,False,False,False,False,False,False,False,False,False,False,False,False
503643323173969920,Sun Aug 24 20:41:40 +0000 2014,4488,868,True,86611,2428,3,1,1,False,sympathy_and_emotional_support,0,0,UnofficialApps,83,@RLSms library and all four campuses basically zero damage.  Our thoughts are with everyone affected by napaquake http://t.co/4wcyu49XPN,None,None,None,None,False,False,False,False,False,False,False,False,False,False,False,False,True,False,False,False
503643335857569792,Sun Aug 24 20:41:43 +0000 2014,2086,216,False,113609,2956,3,1,1,False,sympathy_and_emotional_support,0,0,UnofficialApps,86,napaquake prayers to all in Napa tonight,None,None,None,napa,False,False,False,True,True,False,False,False,False,False,False,False,False,False,False,False
503643338332180482,Sun Aug 24 20:41:43 +0000 2014,140,3376,False,15695,2649,0,0,0,False,not_related_or_irrelevant,0,0,MobileApp,86,RT @deadlinederek: Inside Staples store. napa quake http://t.co/a9KDEo7xk3,None,None,None,None,False,False,False,False,False,False,False,False,False,False,False,False,False,False,False,False
503643339187830784,Sun Aug 24 20:41:44 +0000 2014,505,2642,True,7089,2318,1,1,1,False,not_related_or_irrelevant,25,0,Client Web,87,RT @UTsandiego: Most California photo ever? Maybe. Napa quake images here: http://t.co/q7qNWZRSLS http://t.co/OWBaphu8FZ,None,california,None,None,False,True,False,False,False,False,False,False,False,False,False,False,False,False,False,False
503643342585233408,Sun Aug 24 20:41:44 +0000 2014,658,188,False,11438,2586,3,1,1,False,not_related_or_irrelevant,0,0,UnofficialApps,87,RT @vickydnguyen: Meadowbrook Lane in Napa-- skaters finding upside to quake damage. Photo from nbcbayarea photog Jeremy Carroll http://t.â€¦,None,None,None,None,False,False,False,False,False,False,False,False,True,False,False,False,False,False,True,False
503643345496047616,Sun Aug 24 20:41:45 +0000 2014,5298,209,False,37029,2882,3,1,1,False,not_related_or_irrelevant,0,0,UnofficialApps,88,US USNews California earthquake environmentalists California Environmentalists Decry Wildfire Plan http://t.co/ebYdyjw4sL,usnews,california,us,None,True,True,True,False,False,False,False,False,False,True,False,False,False,False,False,False
503643352106299392,Sun Aug 24 20:41:47 +0000 2014,3366,472,False,125077,2609,3,1,1,False,not_related_or_irrelevant,0,0,UnofficialApps,90,RT @verge: The Napa earthquake woke this many Jawbone Up wearers http://t.co/ucqSHtClTD,None,None,None,None,False,False,False,False,False,False,False,False,False,True,False,False,False,False,False,False
503643360381652992,Sun Aug 24 20:41:49 +0000 2014,7159,7858,True,228020,2343,0,0,1,False,sympathy_and_emotional_support,0,0,OtherSite,92,RT @OWCalifornia: Thoughts and prayers go out to all those affected by yesterday's earthquake in Napa California http://t.co/Z1YvDWKOvR,None,california,None,napa,False,True,False,True,False,False,False,True,False,True,False,False,False,False,False,False
503643362658750464,Sun Aug 24 20:41:49 +0000 2014,1334,1218,False,5693,2821,1,1,0,False,donation_needs_or_offers_or_volunteering_services,21,0,MobileApp,92,RT @sfchronicle: Will federal aid arrive for napaquake ? http://t.co/KGAoPLr39Q http://t.co/uYJyF3SbT4,None,None,None,None,False,False,False,False,False,False,False,False,False,False,False,False,False,False,False,False
503643364827598848,Sun Aug 24 20:41:50 +0000 2014,397,153,True,2498,2059,1,3,1,False,not_related_or_irrelevant,1,0,MobileApp,93,Northern California earthquake: Blue-collar Vallejo hit hard - SFGate http://t.co/yn0KFnpMD3 via @SFGate,northern,california,None,vallejo,True,True,False,True,False,False,False,False,False,True,False,False,False,False,False,False
503643365771341825,Sun Aug 24 20:41:50 +0000 2014,3021,298,False,87750,2272,3,1,1,False,sympathy_and_emotional_support,0,0,UnofficialApps,93,Our thoughts are with all those affected by the napaquake. Wishing friends &amp; businesses quick recoveries. napaearthquake Napa earthquake,None,None,None,None,False,False,False,False,False,False,False,False,False,True,False,False,False,False,False,False
503643460797485056,Sun Aug 24 20:42:12 +0000 2014,3627,255,True,46379,2969,3,1,1,False,not_related_or_irrelevant,0,0,UnofficialApps,115,"Skaters Make Best of Napa Earthquake by Shredding Buckled Streets: To quote Jurassic Park's esteemed, fictional chaos-theorist Ian Ma...",None,None,None,None,False,False,False,False,False,False,False,False,False,True,False,False,False,False,False,False
503643462370328576,Sun Aug 24 20:42:13 +0000 2014,9087,1880,False,346626,3015,3,1,1,False,not_related_or_irrelevant,0,0,UnofficialApps,116,California skaters turn quake-damaged roads into playland - ... http://t.co/jSEYJfG0Lk  JerryBrown PhotoGettyImages SanFranciscoBay,None,california,None,None,False,True,False,False,False,False,False,False,False,False,False,False,False,False,False,False
503643463125311488,Sun Aug 24 20:42:13 +0000 2014,1119,265,False,35746,2141,3,1,1,False,not_related_or_irrelevant,0,0,UnofficialApps,116,California earthquake: An Assessment of the Consequences and Preparations for a Catastrophic California Earthquake: F http://t.co/yChG1zVjej,None,california,None,None,False,True,False,False,False,False,False,False,False,True,False,False,False,False,False,False
503643466531102720,Sun Aug 24 20:42:14 +0000 2014,1105,499,False,45213,2856,3,1,1,False,not_related_or_irrelevant,0,0,UnofficialApps,117,RT @pradeepto: XKCD predicted the future! http://t.co/vH19rDWPsh earthquake quake SanFrancisco California,sanfrancisco,california,None,None,True,True,False,False,False,False,False,True,False,True,False,False,False,False,False,False
503643467134664704,Sun Aug 24 20:42:14 +0000 2014,1819,176,True,3773,3369,0,1,0,False,donation_needs_or_offers_or_volunteering_services,0,0,Client Web,117,"UCLA Civil and Engineering Department re CA water supply and Napa earthquake... ""We dodged a bullet this time."" http://t.co/zQvCXBaNB6",None,ca,None,napa,False,True,False,True,False,False,False,False,True,True,False,False,False,False,False,False
503643474122788864,Sun Aug 24 20:42:16 +0000 2014,680,214,False,8365,2154,3,1,1,False,sympathy_and_emotional_support,0,0,UnofficialApps,119,RT @TheOrlandoJones: Thoughts &amp; prayers w/ everyone affected by this morning's quake in the Bay Area.,area,None,None,bay,True,False,False,True,True,False,False,False,False,False,False,False,False,False,False,False
503643476207337472,Sun Aug 24 20:42:16 +0000 2014,732,156,False,38024,2150,3,1,1,False,not_related_or_irrelevant,0,0,UnofficialApps,119,RT @preteenager: after the napa earthquake.... i fucking love cali dude http://t.co/5iPDrxVwWF,None,None,None,None,False,False,False,False,False,False,False,False,False,True,False,False,False,False,False,False
503643477683752961,Sun Aug 24 20:42:16 +0000 2014,3210,200,False,122663,2444,3,1,1,False,not_related_or_irrelevant,0,0,UnofficialApps,119,"USGS: M 2.6 - 22km ENE of Soledad, California: DYFI? - ITime2014-08-26 19:15:44 UTC2014-08... http://t.co/Eo7wOlW2zO earthquake tremor",None,california,None,soledad,False,True,False,True,True,False,False,True,True,True,False,False,True,False,False,False
503643483442532353,Sun Aug 24 20:42:18 +0000 2014,1080,212,False,88076,2191,3,1,1,False,not_related_or_irrelevant,0,0,UnofficialApps,121,RT @dudleystorey: The essence of being human: skaters explore upside to Napa quake damage. cc @GreatDismal http://t.co/LzekB7RBYr,None,None,None,None,False,False,False,False,False,False,False,False,False,False,False,False,False,False,False,False
503643485418037249,Sun Aug 24 20:42:18 +0000 2014,1088,312,True,98193,2432,3,1,1,False,not_related_or_irrelevant,0,0,UnofficialApps,121,RT @bgittleson: This photo is very California. napa earthquake http://t.co/ZChvmbR369,None,california,None,None,False,True,False,False,False,False,False,False,False,True,False,False,False,False,False,False
503643486923403264,Sun Aug 24 20:42:19 +0000 2014,1676,3025,True,7459,2657,0,1,0,False,sympathy_and_emotional_support,38,0,MobileApp,122,"My heart goes out to all of those affected by the Napa quake this weekend.  As a native Southern Californian, I... http://t.co/9i5FCA5PGh",None,None,None,napa,False,False,False,True,False,False,False,True,False,False,False,False,False,False,False,False
503643486956957697,Sun Aug 24 20:42:19 +0000 2014,138,231,True,962,1746,1,1,0,False,donation_needs_or_offers_or_volunteering_services,968,0,Client Web,122,@BacchusCapital THX for RT of napaearthquake  help forum http://t.co/gzOcSq0WUl napaquake,None,None,None,None,False,False,False,False,False,False,False,False,False,False,False,False,False,False,False,False
503643490967109632,Sun Aug 24 20:42:20 +0000 2014,255,1570,False,18649,2048,0,1,1,False,donation_needs_or_offers_or_volunteering_services,459,0,MobileApp,123,RT @AGI_Policy: Did you feel yesterday's 6.0 earthquake in CA? Help our friends at @USGS collect data by completing their survey! http://tâ€¦,None,ca,None,None,False,True,False,False,False,False,False,True,False,True,False,False,True,False,False,False
503643491852111872,Sun Aug 24 20:42:20 +0000 2014,642,172,False,29843,2231,3,1,1,False,donation_needs_or_offers_or_volunteering_services,0,0,UnofficialApps,123,RT @2hip4tv: The kids tell me they will donate to The Napa Landmarks to help rebuild the downtown area. napaquake http://t.co/i4m7LfgsIG,None,None,None,None,False,False,False,False,False,False,False,False,True,False,False,False,True,False,False,False
503643493961838592,Sun Aug 24 20:42:20 +0000 2014,24528,1208,True,41659,3390,1,2,0,True,not_related_or_irrelevant,44,0,MobileApp,123,â€œ@KTVU: California winemakers cleaning up after napaearthquake http://t.co/wVgcpuODZ8 http://t.co/oSSHTC8nOzâ€@BrendaToste FYI Silver Oak,None,california,None,None,False,True,False,False,False,False,False,False,False,False,True,False,False,False,False,False
503643497703153664,Sun Aug 24 20:42:21 +0000 2014,1664,241,False,24863,2422,3,1,1,False,donation_needs_or_offers_or_volunteering_services,0,0,UnofficialApps,124,"Recovering from quake, Napa County requests federal disaster assistance: The Napa County Board of Supervisors... http://t.co/wQ6KqegpFP",county,None,None,napa,True,False,False,True,False,False,False,False,True,True,False,False,False,False,False,False
503643499137609728,Sun Aug 24 20:42:22 +0000 2014,4589,564,False,63875,3047,3,1,1,False,not_related_or_irrelevant,0,0,UnofficialApps,125,RT @bgittleson: This photo is very California. napa earthquake http://t.co/ZChvmbR369,None,california,None,None,False,True,False,False,False,False,False,False,False,True,False,False,False,False,False,False
503643504493731840,Sun Aug 24 20:42:23 +0000 2014,285,180,False,13411,1660,3,1,1,False,not_related_or_irrelevant,0,0,UnofficialApps,126,Insurance A look at earthquakeâ€™s impact on California region [link removed],None,california,None,None,False,True,False,False,False,False,False,False,False,False,True,False,False,False,False,False
503643507865968641,Sun Aug 24 20:42:24 +0000 2014,1784,278,False,42907,2642,3,1,1,False,donation_needs_or_offers_or_volunteering_services,0,0,UnofficialApps,127,"RT @RedCrossBayArea: Since Sunday's napaquake, RedCross has served 2,470 meals/snacks &amp; provided 90 overnight stays. Shelters are still oâ€¦",None,None,None,None,False,False,False,False,True,False,False,True,True,False,True,False,True,False,False,False
503643514321002498,Sun Aug 24 20:42:25 +0000 2014,84,0,False,720116,1570,0,0,1,False,sympathy_and_emotional_support,0,0,OtherSite,128,I hope the people of California are good &amp; no one got hurt or dead from the big quake.,None,california,None,None,False,True,False,False,False,False,False,False,False,False,False,False,True,False,False,False
503643516883709952,Sun Aug 24 20:42:26 +0000 2014,4522,853,True,250607,2929,3,1,1,False,not_related_or_irrelevant,0,0,UnofficialApps,129,@govttrader Put a GMT in there........waiting for the Napa earthquake excuse,None,None,None,napa,False,False,False,True,False,False,False,False,False,True,False,False,False,False,False,False
503643517512851456,Sun Aug 24 20:42:26 +0000 2014,1960,273,False,180793,2170,3,1,1,False,sympathy_and_emotional_support,0,0,UnofficialApps,129,USA Today gives the low down on napaquake. Our thoughts go out to all those affected. Read all about it here   http://t.co/lFPJG3O2Qk,None,None,None,None,False,False,False,False,False,False,False,False,True,False,False,False,False,False,False,False
503643521140928512,Sun Aug 24 20:42:27 +0000 2014,417,149,False,16175,1642,3,1,1,False,not_related_or_irrelevant,0,0,UnofficialApps,130,"RT @UncorkOntario: Wed ONWineChat looks at ""Climate/Viticulture/Pests/Challenges, plus  Napa earthquake"". Join the discussion at 10PM ET!",None,None,None,None,False,False,False,False,True,False,False,True,False,True,False,False,False,False,False,False
503643523296821248,Sun Aug 24 20:42:27 +0000 2014,1157,725,True,5790,3758,1,1,0,False,donation_needs_or_offers_or_volunteering_services,4,0,Client Web,130,RT @WineSearcher: Wine Industry Insight forum to link those needing help and those in the industry wanting to volunteer http://t.co/bdyBlYWâ€¦,None,None,None,None,False,False,False,False,False,False,False,False,False,False,False,False,False,False,False,False
503643528455790592,Sun Aug 24 20:42:29 +0000 2014,1798,434,False,95985,2141,3,1,1,False,sympathy_and_emotional_support,0,0,UnofficialApps,132,Sending our thoughts to all in Napa wine region affected by napaquake from friends in adelaidehills SouthAustralia @AHWineRegion,None,None,None,napa,False,False,False,True,False,False,False,False,False,False,False,False,False,False,False,False
503643541776908288,Sun Aug 24 20:42:32 +0000 2014,1871,200,False,30760,2191,3,1,1,False,donation_needs_or_offers_or_volunteering_services,0,0,UnofficialApps,135,RT @denversolarguy: Napa Wine Industry Quake Help Forum Created (WineReviewBlog): Share With Friends:  |  | Science - Environment ... http:â€¦,None,None,None,None,False,False,False,False,False,False,False,False,False,False,True,False,True,False,False,False
503643543164829696,Sun Aug 24 20:42:32 +0000 2014,164,91,False,50447,2527,2,0,1,False,sympathy_and_emotional_support,0,0,Twitterfeed,135,RT @dev_jac: My first thought when reading about the earthquake on California:  http://t.co/FGEAhqXGZq http://t.co/8xKxZ4TmvS,None,california,None,None,False,True,False,False,False,False,False,False,False,True,False,False,False,False,False,False
503643546604544000,Sun Aug 24 20:42:33 +0000 2014,1205,215,False,149374,2470,3,1,1,False,not_related_or_irrelevant,0,0,UnofficialApps,136,"ã€USGS alertã€‘ M 2.1, Northern California: August 26, 2014 05:26:07 GMT http://t.co/8313w75YZq earthquake tsunami prayfromjapan",northern,california,None,None,True,True,False,False,True,False,False,True,False,True,True,False,True,False,False,False
503643551025348609,Sun Aug 24 20:42:34 +0000 2014,40,86,False,185,1976,3,2,0,False,not_related_or_irrelevant,36,0,Tablet,137,"Napa earthquake: 49ers game on, but ACE and Capital Corridor ... http://t.co/py4SoWmjA3",None,None,None,None,False,False,False,False,False,False,False,False,False,True,False,False,False,False,False,False
503643551138607105,Sun Aug 24 20:42:34 +0000 2014,1900,370,False,41653,2121,3,1,1,False,not_related_or_irrelevant,0,0,UnofficialApps,137,Jawbone UP Data Shows How Many Woke Up During the Napa Earthquake http://t.co/5CCib0axYq,None,None,None,None,False,False,False,False,False,False,False,False,False,True,False,False,False,False,False,False
503643570721394688,Sun Aug 24 20:42:39 +0000 2014,3526,3230,False,54464,3567,3,2,1,False,not_related_or_irrelevant,2,0,OtherSite,142,RT @HistoryInPics: Scary Images From The 1989 Earthquake in California http://t.co/A1VztNnOXp,None,california,None,None,False,True,False,False,False,False,False,True,False,True,False,False,False,False,False,False
503643571254075393,Sun Aug 24 20:42:39 +0000 2014,569,1,False,389915,1376,1,1,1,False,sympathy_and_emotional_support,0,0,Twitterfeed,142,I really don't understand anyone who's making fun of the earthquake in napa... It was really severe and damaged people's homes and lives..,None,None,None,None,False,False,False,False,False,False,False,False,False,True,False,False,False,False,False,False
503643605521944576,Sun Aug 24 20:42:47 +0000 2014,101,172,False,5333,3356,1,2,0,False,not_related_or_irrelevant,17,0,Tablet,150,"RT @stocktonbuzz: California quake: The one before the 'Big One?': Relax. This quake wasn't a sign that the dreaded ""Big One"" is... http://â€¦",None,california,None,None,False,True,False,False,False,False,False,False,False,False,False,False,True,False,False,False
503643616045436930,Sun Aug 24 20:42:49 +0000 2014,251,635,False,1237,1566,1,1,0,False,donation_needs_or_offers_or_volunteering_services,185,0,MobileApp,152,Salvation Army Responding To California Earthquake http://t.co/S78lgNpUj1,None,california,None,None,False,True,False,False,False,False,False,False,True,True,False,False,False,False,False,False
503643624622391296,Sun Aug 24 20:42:52 +0000 2014,1487,865,True,685,3374,1,2,0,True,not_related_or_irrelevant,44,0,MobileApp,155,The Bay Area media is going a little over board with this Napa earthquake. Do we really need updates every 15 minutes?,area,None,None,bay,True,False,False,True,False,False,False,False,False,True,False,False,False,False,False,True
503643664539607041,Sun Aug 24 20:43:01 +0000 2014,39862,5872,False,157673,4131,0,0,1,True,not_related_or_irrelevant,3,0,UnofficialApps,164,Napa Earthquake ðŸ˜±ðŸ˜± Please don't take away my wine! ðŸ’ƒðŸ’ƒ,None,None,None,None,False,False,False,False,False,False,False,False,False,True,False,False,True,False,False,False
503643677437464577,Sun Aug 24 20:43:04 +0000 2014,797,14,False,80581,1652,1,2,1,False,not_related_or_irrelevant,1,0,OtherSite,167,RT @Smallotsbigwine: The Napa Earthquake Wine Bucket Challenge.https://t.co/KXbfMrBoVS http://t.co/YRirnqFcAp,None,None,None,None,False,False,False,False,False,False,False,False,False,True,False,False,False,False,False,False
503643692591095808,Sun Aug 24 20:43:08 +0000 2014,1527,181,False,1803455,2099,0,0,1,False,not_related_or_irrelevant,0,0,OtherSite,171,More napa earthquake FNR http://t.co/JBd8vn3Ho9,None,None,None,None,False,False,False,False,False,False,False,False,False,True,False,False,False,False,False,False
503643728863436800,Sun Aug 24 20:43:16 +0000 2014,251,223,True,5097,1951,2,1,1,False,sympathy_and_emotional_support,29,0,Client Web,179,RT @pjthompson29: â€œ@CellarPass: Our hearts are broken seeing the damage @trefethenfamily in Napa. napaquake napaearthquake  Trefethen neeâ€¦,None,None,None,napa,False,False,False,True,False,False,False,False,False,False,True,False,False,False,False,False
503643730239180800,Sun Aug 24 20:43:17 +0000 2014,25,105,False,56,2095,0,1,0,False,not_related_or_irrelevant,1450,0,MobileApp,180,WeAreBlessed as nation everytime a earthquake or big storm wipes out liberals &amp; their homes in California  tcot pjnet uniteblue,None,california,None,None,False,True,False,False,False,False,False,False,False,True,False,False,False,False,False,False
503643734299648002,Sun Aug 24 20:43:18 +0000 2014,717,573,False,21446,2859,2,1,0,False,not_related_or_irrelevant,3,0,MobileApp,181,RT @fyeahCalifornia: Only in California does earthquake damage = skatepark. (photo by Jeremy Carroll) http://t.co/uTYDNKMO2t,None,california,None,None,False,True,False,False,False,False,False,False,False,True,False,False,False,False,True,False
503643740553375744,Sun Aug 24 20:43:19 +0000 2014,10470,10400,False,184231,2616,1,1,0,False,sympathy_and_emotional_support,40,0,TweetDeck,182,RT @smxleclifford: i've just heard about the north california earthquake. I hope you all are okay &lt;3,north,california,None,None,True,True,False,False,False,False,False,False,False,True,False,False,True,False,False,False
503643746265997312,Sun Aug 24 20:43:21 +0000 2014,5539,5546,False,318816,1902,0,1,0,False,sympathy_and_emotional_support,1450,0,MobileApp,184,RT @JohnnyGWeir: Safely enjoying Northern California. My prayers and thoughts are with everyone affected by this mornings earthquake.,northern,california,None,None,True,True,False,False,False,False,False,True,False,True,False,False,False,False,False,False
503643751961874432,Sun Aug 24 20:43:22 +0000 2014,70979,30077,False,1045154,2548,0,1,1,False,not_related_or_irrelevant,3,1,OtherSite,185,RT @bgittleson: This photo is very California. napa earthquake http://t.co/3CUBDkfQLf,None,california,None,None,False,True,False,False,False,False,False,False,False,True,False,False,False,False,False,False
503643755560185856,Sun Aug 24 20:43:23 +0000 2014,296,464,True,2225,1631,1,1,1,False,donation_needs_or_offers_or_volunteering_services,0,0,MobileApp,186,Fitness Trackers Help Quantify California's Quake http://t.co/JNBfNcWcbL,None,california,None,None,False,True,False,False,False,False,False,False,False,False,False,False,False,False,False,False
503643757338578944,Sun Aug 24 20:43:23 +0000 2014,2749,231,True,75700,3330,1,0,1,False,sympathy_and_emotional_support,0,0,Facebook,186,napaquake Our thoughts go out to the residents of Napa and surroundings at time when neighbors matter most @linkAgesTB,None,None,None,napa,False,False,False,True,False,False,False,False,False,False,False,False,False,False,False,False
503643767325605888,Sun Aug 24 20:43:26 +0000 2014,39,120,False,792,1573,0,1,1,False,not_related_or_irrelevant,2,0,MobileApp,189,RT @bgittleson: This photo is very California. napa earthquake http://t.co/ZChvmbR369,None,california,None,None,False,True,False,False,False,False,False,False,False,True,False,False,False,False,False,False
503643771553067008,Sun Aug 24 20:43:27 +0000 2014,9533,10510,True,57447,3471,2,1,0,False,not_related_or_irrelevant,14,0,TweetDeck,190,Strong Earthquake Shakes Northern California - Wall Street Journal http://t.co/u5vSX7vt5B EarthquakeNews,None,None,None,None,False,False,False,False,False,False,False,False,True,False,False,False,False,False,False,False
503643778063007744,Sun Aug 24 20:43:28 +0000 2014,712,499,False,899,3039,2,1,0,False,sympathy_and_emotional_support,13,0,Client Web,191,Thoughts go out to the Napa Valley residents who were affected by earthquake.Im sure this adds to the tribulations of living in wine country,None,None,None,valley,False,False,False,True,False,False,False,False,False,False,False,False,False,False,False,False
503643778687963136,Sun Aug 24 20:43:28 +0000 2014,131930,230,True,18703,3351,0,0,0,True,not_related_or_irrelevant,271,169,MobileApp,191,RT @bgittleson: This photo is very California. napa earthquake http://t.co/ZChvmbR369,None,california,None,None,False,True,False,False,False,False,False,False,False,True,False,False,False,False,False,False
503643782391136256,Sun Aug 24 20:43:29 +0000 2014,93,298,False,6502,3187,0,1,0,False,not_related_or_irrelevant,38,0,Tablet,192,Boy Hurt in California Quake: 'I Should Be Dead': Boy badly hurt by bricks in California quake says lucky to b... http://t.co/ex4scqEcZx,None,california,None,None,False,True,False,False,False,False,False,False,False,False,False,False,False,False,False,False
503643812829216769,Sun Aug 24 20:43:36 +0000 2014,699,1291,True,17325,2967,3,2,1,False,not_related_or_irrelevant,1,0,Client Web,199,Skaters in California turn quake-damaged road into skate ramp http://t.co/c8D67320Qa,None,california,None,None,False,True,False,False,False,False,False,False,False,False,False,False,False,False,False,False
503643840121536514,Sun Aug 24 20:43:43 +0000 2014,52,244,False,6251,3250,1,1,0,False,donation_needs_or_offers_or_volunteering_services,48,0,Client Web,206,"RT @TheRedDogInn: BUY NAPA VALLEY WINE! ðŸ·Wineries lost a lot in the earthquake. Buying will help them rebuild. Great idea, @RichardGrenell!",None,None,None,None,False,False,False,False,False,False,False,False,False,True,False,False,True,False,False,False
503643880383070210,Sun Aug 24 20:43:53 +0000 2014,549,480,True,33248,2326,0,1,0,False,sympathy_and_emotional_support,661,0,MobileApp,216,RT @JINWOOniverse: Caught news about the floods in Busan and earthquake in California. Let's pray for everyone's safety!ðŸ™,busan,california,None,None,True,True,False,False,False,False,False,False,False,True,False,False,False,False,False,False
503643902495031297,Sun Aug 24 20:43:58 +0000 2014,1086,1068,True,10674,1436,1,1,0,False,donation_needs_or_offers_or_volunteering_services,60,0,Developer,221,"Raiders Assist in Napa Earthquake Recovery Efforts: The American Red Cross, Napa Valley Unified School Distric... http://t.co/Wq1YfOsThJ",None,None,None,None,False,False,False,False,False,False,False,False,True,True,False,False,False,False,False,False
503643932417622016,Sun Aug 24 20:44:05 +0000 2014,1776,551,True,2971,1958,1,2,0,False,not_related_or_irrelevant,44,0,MobileApp,228,Raw: Aerial Look at Napa Quake Damage http://t.co/x6xsT5S9Ye [Sale http://t.co/pdFAPT9xa6 ] video,None,None,None,None,False,False,False,False,False,False,False,False,False,False,False,False,False,False,False,False
503643944530366464,Sun Aug 24 20:44:08 +0000 2014,6450,4082,True,24672,4088,0,0,1,False,donation_needs_or_offers_or_volunteering_services,0,2,OtherSite,231,"RT @PGE_Paul: PGE4Me donates 400 lunches, breakfast food to @NapaCoRedCross shelter to help NapaQuake victims. http://t.co/s8xkfIs05n",None,None,None,None,False,False,False,False,False,False,False,False,False,False,False,False,True,False,False,False
503643984351088640,Sun Aug 24 20:44:17 +0000 2014,42,80,False,9515,2081,3,3,0,False,donation_needs_or_offers_or_volunteering_services,6,0,MobileApp,240,"@amy_pfister @AnnaKendrick47 Heard she was first in line to volunteer to help ""clean up"" the Napa quake mess.",None,None,None,None,False,False,False,False,False,False,False,False,False,False,False,False,False,False,False,False
503644039200407552,Sun Aug 24 20:44:31 +0000 2014,1112,2203,True,233365,3345,0,1,2,False,donation_needs_or_offers_or_volunteering_services,10,0,MobileApp,254,"2 shelters open for napaquake: Crosswalk Cmnty Church, 2590 1st St, NAPA &amp; Florence Douglas Cntr, 333 Amador St, VALLEJO  redcrossbayarea",None,None,None,None,False,False,False,False,False,False,False,True,True,False,False,False,True,False,False,False
503644044174454784,Sun Aug 24 20:44:32 +0000 2014,432,855,True,3617,3470,1,2,0,False,sympathy_and_emotional_support,44,0,MobileApp,255,"RT @onehottmess12: Obama has been briefed on the Napa earthquake.  He expressed deep concern, &amp; has sent out a special envoy to evaluate thâ€¦",None,None,None,napa,False,False,False,True,False,False,False,False,False,True,True,False,False,False,True,False
503644084435550208,Sun Aug 24 20:44:41 +0000 2014,6366,5610,True,343220,3395,0,1,1,False,not_related_or_irrelevant,0,0,Developer,264,[[â™¥SoyIncreibleâ™¥]] My kitchen after Napa earthquake: This is what my kitchen looked l... http://t.co/mJAURd7TzT [[â™¥SoyIncreibleâ™¥]],None,None,None,None,False,False,False,False,False,False,False,False,False,True,True,False,False,False,True,False
503644086856077313,Sun Aug 24 20:44:42 +0000 2014,3777,4389,False,179860,3262,1,1,0,False,not_related_or_irrelevant,48,0,Client Web,265,RT @bgittleson: This photo is very California. napa earthquake http://t.co/ZChvmbR369,None,california,None,None,False,True,False,False,False,False,False,False,False,True,False,False,False,False,False,False
503644103439945728,Sun Aug 24 20:44:46 +0000 2014,891,993,False,78747,3164,0,0,1,False,not_related_or_irrelevant,0,0,Twitterfeed,269,@la_patilla Earthquakes in California and Peru does the mega-earthquake is coming? http://t.co/0djR3hfiNW Spanish,None,california,peru,None,False,True,True,False,False,False,False,False,False,True,False,False,False,False,False,False
503644119965900800,Sun Aug 24 20:44:50 +0000 2014,5085,4887,True,23382,2082,2,3,0,False,donation_needs_or_offers_or_volunteering_services,5,0,MobileApp,273,Check it out! I donated to Napa Earthquake Volunteers http://t.co/Zksso4COHU via @gofundme,None,None,None,None,False,False,False,False,False,False,False,False,False,True,False,False,False,False,False,False
503644121643225088,Sun Aug 24 20:44:50 +0000 2014,45,238,True,593,3144,0,0,0,False,not_related_or_irrelevant,0,0,Client Web,273,Is the 'Big One' coming? USGS California MountainView paloalto earthquake SanAndres SanJose Fremont http://t.co/iwlmsVR850,mountainview,california,None,None,True,True,False,False,False,False,False,False,True,True,False,False,True,False,False,False
503644137267023872,Sun Aug 24 20:44:54 +0000 2014,4503,3923,True,99919,3483,1,0,1,False,donation_needs_or_offers_or_volunteering_services,0,0,OtherSite,277,RT @RAIDERS: Raiders @ProFootballHOF Willie Brown represents the Silver &amp; Blackbin Napa as the team helps with earthquake relief. http://t.â€¦,None,None,None,None,False,False,False,False,False,False,False,False,True,True,False,False,False,False,True,False
503644147933511680,Sun Aug 24 20:44:56 +0000 2014,303,229,False,5807,1507,0,1,0,False,not_related_or_irrelevant,661,0,OtherSite,279,"Check out the video of damage from the Napa earthquake shot by a ""drone"" quadcopter. A safer way to assess damage. https://t.co/KNjJ8bDNCz",None,None,None,napa,False,False,False,True,False,False,False,False,False,True,False,False,False,False,False,False
503644162466795522,Sun Aug 24 20:45:00 +0000 2014,13181,3169,True,52933,3240,3,0,0,False,not_related_or_irrelevant,1,1,UnofficialApps,283,RT @LetsDoCoke: â€œ@JuicyJaaae: Drop like an earthquake!â€ @california,None,None,None,None,False,False,False,False,False,False,False,False,False,False,True,False,False,False,False,False
503644198797864960,Sun Aug 24 20:45:09 +0000 2014,358,203,True,1723,2420,0,1,1,False,sympathy_and_emotional_support,1,0,Tablet,292,RT @marcygordon: Glad no one was injured in this. RT @matthiassonwine: Will be barrel pickup sticks napaearthquake http://t.co/ssHQyQVEqd,None,None,None,None,False,False,False,False,False,False,False,False,False,False,False,False,True,False,False,False
503644199095644160,Sun Aug 24 20:45:08 +0000 2014,4288,4480,True,37112,3184,0,0,0,False,sympathy_and_emotional_support,0,0,Facebook,291,Hope everyone's able to get through today's 6.0 earthquake in Bay Area of California.,of,california,None,bay,True,True,False,True,False,False,False,True,False,True,False,False,True,False,False,False
503644216137097217,Sun Aug 24 20:45:13 +0000 2014,81,242,False,1256,1912,0,1,1,False,not_related_or_irrelevant,21,0,Client Web,296,USAHeadlines Northern California Quake: No Way to Know When Next One Will Hit http://t.co/zdJTgtvwah,northern,california,None,None,True,True,False,False,False,False,False,False,False,False,False,False,True,False,False,False
503644217101398016,Sun Aug 24 20:45:13 +0000 2014,769,2593,False,3030,3263,0,1,1,True,sympathy_and_emotional_support,174,0,Client Web,296,RT @sashaalexander: My thoughts w/ everyone involved in napaearthquake. Thank you to the rescue workers!,None,None,None,None,False,False,False,False,False,False,False,False,False,False,False,False,False,False,False,False
503644220964356096,Sun Aug 24 20:45:14 +0000 2014,36077,23965,True,2558,2599,1,1,1,False,not_related_or_irrelevant,18,0,MobileApp,297,This little fella can't be bothered by the Napa earthquake. Stay strong BayArea! https://t.co/ShnRhQbP9v Dropcam BabyMonitor,None,None,None,napa,False,False,False,True,False,False,False,False,False,True,False,False,False,False,False,False
503644225930805248,Sun Aug 24 20:45:15 +0000 2014,1261,2655,True,42198,1691,1,2,1,False,sympathy_and_emotional_support,2,0,MobileApp,298,RT @Flickr: Photographers capture Northern California's earthquake aftermath. Our hearts go out to those impacted by it. https://t.co/O9vgâ€¦,northern,california,None,None,True,True,False,False,False,False,False,False,False,True,False,False,False,False,False,False
503644228971290624,Sun Aug 24 20:45:16 +0000 2014,214841,120206,False,661185,3642,2,1,1,False,donation_needs_or_offers_or_volunteering_services,3,0,Developer,299,RT @cinebeats: Many pets frightened by earthquake in Napa are missing &amp; possibly injured. This group is trying to help https://t.co/aGotxoâ€¦,None,None,None,napa,False,False,False,True,False,False,False,False,False,True,False,False,False,False,False,False
503644242741559296,Sun Aug 24 20:45:19 +0000 2014,449,2413,False,44345,2385,0,1,0,False,donation_needs_or_offers_or_volunteering_services,271,0,MobileApp,302,RT @LauraGarciaCann: After Napaquake @petfoodexpress is collecting donations at all of its stores for Napa Co.animal shelters and will maâ€¦,None,None,None,None,False,False,False,False,False,False,False,False,True,False,True,False,False,False,False,False
503644248592220160,Sun Aug 24 20:45:20 +0000 2014,18258,826,True,25772,2816,1,2,0,True,donation_needs_or_offers_or_volunteering_services,6,0,MobileApp,303,RT @NapaCoRedCross: Shelter open in Napa - Crosswalk Community Church 2590 1st. St in Napa. napaquake,None,None,None,napa,False,False,False,True,False,False,False,True,True,False,False,False,False,False,False,False
503644286819106816,Sun Aug 24 20:45:29 +0000 2014,273,267,True,7194,3349,1,1,0,False,not_related_or_irrelevant,25,0,MobileApp,312,RT @bgittleson: This photo is very California. napa earthquake http://t.co/ZChvmbR369,None,california,None,None,False,True,False,False,False,False,False,False,False,True,False,False,False,False,False,False
503644311968178176,Sun Aug 24 20:45:35 +0000 2014,1014,432,False,74441,2404,2,0,1,False,not_related_or_irrelevant,0,0,Twitterfeed,318,RT @bgittleson: This photo is very California. napa earthquake http://t.co/ZChvmbR369,None,california,None,None,False,True,False,False,False,False,False,False,False,True,False,False,False,False,False,False
503644314262851584,Sun Aug 24 20:45:36 +0000 2014,4,41,True,1809,2636,0,0,1,False,sympathy_and_emotional_support,0,0,Facebook,319,RT @garyvee: My thoughts are with everyone in the NAPA valley area ... earthquake,None,None,None,valley,False,False,False,True,False,False,False,False,False,True,False,False,False,False,False,False
503644319728033792,Sun Aug 24 20:45:37 +0000 2014,4382,4208,True,160164,2348,0,1,1,False,donation_needs_or_offers_or_volunteering_services,14,0,Tablet,320,RT @CorkOnTheNFL: Willie Brown will present Napa Valley Unified School District ... with a check from Raiders to assist in efforts to recoâ€¦,None,None,None,None,False,False,False,False,False,False,False,True,True,False,True,False,False,False,True,False
503644352552660992,Sun Aug 24 20:45:45 +0000 2014,842,325,True,5006,3357,1,1,0,False,donation_needs_or_offers_or_volunteering_services,12,0,MobileApp,328,How about buying ONLY NAPA wines To help those in trouble from the earthquake last night.,None,None,None,None,False,False,False,False,True,False,False,False,False,True,False,False,False,False,False,False
503644361478131716,Sun Aug 24 20:45:47 +0000 2014,236,288,True,26878,2519,0,1,0,False,not_related_or_irrelevant,79,0,MobileApp,330,RT @janinebucks: Â¦ http://t.co/L7feQrJPCk 32 Â¦ Napa earthquake of 2014 Â¦ Yesterday s early morning earthquake in Napa Valley was detected bâ€¦,None,None,None,valley,False,False,False,True,True,False,False,True,False,True,True,False,True,False,False,False
503644404343513089,Sun Aug 24 20:45:57 +0000 2014,32,108,True,4550,2414,0,0,0,False,not_related_or_irrelevant,0,0,MobileApp,340,RT @bgittleson: This photo is very California. napa earthquake http://t.co/ZChvmbR369,None,california,None,None,False,True,False,False,False,False,False,False,False,True,False,False,False,False,False,False
503644411298078721,Sun Aug 24 20:45:59 +0000 2014,517,806,True,16364,1434,2,1,0,False,not_related_or_irrelevant,4542,0,MobileApp,342,RT @KUNGfu_Kam1: California is so luckyðŸ˜© they had a damn earthquake and they been out of school for 2 days ðŸ˜©ðŸ˜©,None,california,None,None,False,True,False,False,False,False,True,False,False,True,False,False,True,False,False,False
503644412065615874,Sun Aug 24 20:45:59 +0000 2014,91,169,True,1269,2949,0,0,0,False,not_related_or_irrelevant,0,1,MobileApp,342,RT @bgittleson: This photo is very California. napa earthquake http://t.co/ZChvmbR369,None,california,None,None,False,True,False,False,False,False,False,False,False,True,False,False,False,False,False,False
503644427584544769,Sun Aug 24 20:46:03 +0000 2014,20331,16,False,629244,1599,1,0,1,False,not_related_or_irrelevant,17,0,OtherSite,346,quake RT @AlexJamesFitz This is the most California thing http://t.co/vZtp6maTW7,None,california,None,None,False,True,False,False,False,False,False,False,False,False,False,False,False,False,False,False
503644453459218432,Sun Aug 24 20:46:09 +0000 2014,358,261,False,2283,3394,1,2,1,False,not_related_or_irrelevant,1,0,MobileApp,352,RT @HistoryInPics: Scary Images From The 1989 Earthquake in California http://t.co/A1VztNnOXp,None,california,None,None,False,True,False,False,False,False,False,True,False,True,False,False,False,False,False,False
503644457259245568,Sun Aug 24 20:46:10 +0000 2014,3024,2567,False,118337,1722,4,2,0,False,not_related_or_irrelevant,5,0,MobileApp,353,RT @GabrielleNYC: RT @bgittleson: This photo is very California. napa earthquake http://t.co/sYcUlbHp2W,None,california,None,None,False,True,False,False,False,False,False,False,False,True,False,False,False,False,False,False
503644475345088512,Sun Aug 24 20:46:14 +0000 2014,6812,1988,True,3714,3370,0,0,0,False,not_related_or_irrelevant,0,0,MobileApp,357,RT @bgittleson: This photo is very California. napa earthquake http://t.co/ZChvmbR369,None,california,None,None,False,True,False,False,False,False,False,False,False,True,False,False,False,False,False,False
503644494013558784,Sun Aug 24 20:46:19 +0000 2014,179,664,True,17712,3317,0,1,0,False,not_related_or_irrelevant,1450,0,MobileApp,362,Fitness Trackers Quantify Sundayâ€™s Northern California Earthquake: Where was the shaking from Sundayâ€™s earthqu... http://t.co/MpvZVgefAe,sundayâ,california,None,None,True,True,False,False,False,False,False,False,False,True,True,False,False,False,False,False
503644496014213120,Sun Aug 24 20:46:19 +0000 2014,425,153,False,163350,1458,3,0,1,False,donation_needs_or_offers_or_volunteering_services,0,0,Tweetbot,362,RT @KatieDowd: Help pets find their homes! Napa shelter has pics of pets that were found after the earthquake http://t.co/qcUPziUaum http:/â€¦,None,None,None,None,False,False,False,False,False,False,False,False,False,True,True,False,False,False,False,False
503644510728249344,Sun Aug 24 20:46:23 +0000 2014,160,323,False,1548,3045,0,1,1,False,donation_needs_or_offers_or_volunteering_services,4,0,MobileApp,366,RT @IBEW: IBEW members respond to Napa earthquake http://t.co/lquhFd5QbH 1u via @IBEWlocal1245,None,None,None,napa,False,False,False,True,False,False,False,False,True,True,False,False,True,False,False,False
503644518689013762,Sun Aug 24 20:46:25 +0000 2014,237576,620,False,23691,3378,1,0,0,True,sympathy_and_emotional_support,44,28,Client Web,368,RT @sherehaan: My prayers go out to peoples of California earthquake ðŸ’,None,california,None,None,False,True,False,False,False,False,False,False,False,True,False,False,False,False,False,False
503644548925759488,Sun Aug 24 20:46:32 +0000 2014,2791,4995,True,16253,3375,1,2,1,False,not_related_or_irrelevant,10,0,MobileApp,375,RT @Revelation1217: The California Earthquake Is Just A Preview Of What Is Coming   http://t.co/6PxoDxzwOR,None,california,None,None,False,True,False,False,False,False,False,False,False,True,False,False,False,False,False,False
503644553228713984,Sun Aug 24 20:46:33 +0000 2014,1378,2701,False,11158,2576,2,1,0,True,not_related_or_irrelevant,32,0,Client Web,376,RT @vickydnguyen: Meadowbrook Lane in Napa-- skaters finding upside to quake damage. Photo from nbcbayarea photog Jeremy Carroll http://t.â€¦,None,None,None,None,False,False,False,False,False,False,False,False,True,False,False,False,False,False,True,False
503644565849374722,Sun Aug 24 20:46:36 +0000 2014,273,267,True,7194,3349,1,1,1,False,donation_needs_or_offers_or_volunteering_services,2,0,MobileApp,379,"RT @NapaCoRedCross: There is also a shelter open in Vallejo for those needing a place to stay: Florence Douglas Center- 333 Amador St, Vallâ€¦",vallâ,None,None,vallejo,True,False,False,True,False,False,False,False,True,False,True,False,True,False,False,False
503644588301504512,Sun Aug 24 20:46:41 +0000 2014,1367,1027,False,107389,3453,1,3,0,False,not_related_or_irrelevant,18,0,Client Web,384,RT @mashable: YouTube video shows aerial view of post-earthquake damage in Napa -http://t.co/h1Zt2VCg3u http://t.co/uKJbaIsgHt,None,None,None,None,False,False,False,False,False,False,False,False,True,False,False,False,False,False,False,False
503644609839632384,Sun Aug 24 20:46:46 +0000 2014,58449,580,True,94460,3870,0,0,1,True,sympathy_and_emotional_support,0,0,OtherSite,389,RT @janellejourno: Thankful I wasn't at my desk when the napaquake hit. View of @NapaRegister newsroom. Thoughts to everyone affected. httâ€¦,None,None,None,None,False,False,False,False,False,False,False,False,False,False,True,False,False,False,False,False
503644609839632384,Sun Aug 24 20:46:46 +0000 2014,58449,580,True,94460,3870,0,0,1,True,sympathy_and_emotional_support,0,0,OtherSite,389,RT @janellejourno: Thankful I wasn't at my desk when the napaquake hit. View of @NapaRegister newsroom. Thoughts to everyone affected. httâ€¦,None,None,None,None,False,False,False,False,False,False,False,False,False,False,True,False,False,False,False,False
503644609839632384,Sun Aug 24 20:46:46 +0000 2014,58449,580,True,94460,3870,0,0,1,True,sympathy_and_emotional_support,0,0,OtherSite,389,RT @janellejourno: Thankful I wasn't at my desk when the napaquake hit. View of @NapaRegister newsroom. Thoughts to everyone affected. httâ€¦,None,None,None,None,False,False,False,False,False,False,False,False,False,False,True,False,False,False,False,False
503644609839632384,Sun Aug 24 20:46:46 +0000 2014,58449,580,True,94460,3870,0,0,1,True,sympathy_and_emotional_support,0,0,OtherSite,389,RT @janellejourno: Thankful I wasn't at my desk when the napaquake hit. View of @NapaRegister newsroom. Thoughts to everyone affected. httâ€¦,None,None,None,None,False,False,False,False,False,False,False,False,False,False,True,False,False,False,False,False
503644613216047105,Sun Aug 24 20:46:47 +0000 2014,735,814,True,15737,3487,0,0,0,False,sympathy_and_emotional_support,3,6,Client Web,390,How the Napa earthquake affected sleep in Northern California - https://t.co/xmRp4E0w78,northern,california,None,napa,True,True,False,True,False,False,False,False,False,True,False,False,False,False,False,False
503644622409588736,Sun Aug 24 20:46:49 +0000 2014,43802,4497,True,64675,3545,0,0,1,False,not_related_or_irrelevant,4,3,Client Web,392,@EricHasseltine Welcome back. Was wondering if you got stuck in California with the earthquake.,None,california,None,None,False,True,False,False,False,False,False,False,False,True,False,False,False,False,False,False
503644626788839424,Sun Aug 24 20:46:50 +0000 2014,196,7,False,228145,1772,0,1,1,False,sympathy_and_emotional_support,84,0,OtherSite,393,"RT @StPhilipsTucson: Please keep those affected by the recent earthquake in Napa, CA, in your prayers. City inspectors have red tagged... hâ€¦",None,ca,None,napa,False,True,False,True,False,False,False,False,False,True,True,False,False,False,False,False
503644626813591552,Sun Aug 24 20:46:50 +0000 2014,18,106,True,273,2718,1,2,1,False,donation_needs_or_offers_or_volunteering_services,1,0,OtherSite,393,Check out @VinoIndustryhas forum to volunteer to help winemakers &amp; vintners following NapaEarthquake http://t.co/riTDGOfbNJ,None,None,None,None,False,False,False,False,False,False,False,False,False,False,False,False,False,False,False,False
503644650767261696,Sun Aug 24 20:46:56 +0000 2014,330,997,True,5417,1914,0,1,1,False,sympathy_and_emotional_support,878,0,MobileApp,399,"@BereghostGames thank god u left California, they had an earthquake",None,california,None,None,False,True,False,False,False,False,False,False,False,True,False,False,False,False,False,False
503644654383153152,Sun Aug 24 20:46:57 +0000 2014,1763,1465,True,44644,2543,0,1,1,False,donation_needs_or_offers_or_volunteering_services,84,0,MobileApp,400,RT @abc7newsBayArea: San Francisco Mayor Ed Lee toured quake damage in Napa this morning and offered help: http://t.co/25hYoM797Q earthquâ€¦,None,None,None,napa,False,False,False,True,True,False,False,False,False,False,True,False,False,False,True,False
503644691049762817,Sun Aug 24 20:47:06 +0000 2014,1470,2854,False,13273,2322,2,1,0,False,sympathy_and_emotional_support,52,0,MobileApp,409,"RT @FoodieAffair: Note to Napa: Be safe all! Help each other. Share candles, flashlights, food, wine, water &amp; kindness...love to all!!!â€¦",None,None,None,None,False,False,False,False,False,False,False,False,False,False,True,False,True,False,False,False
503644702839562241,Sun Aug 24 20:47:09 +0000 2014,1676,1691,False,13593,3229,0,0,1,False,not_related_or_irrelevant,0,0,Twitterfeed,412,Jawbone UP Data Shows How Many Woke Up During the Napa Earthquake http://t.co/FcPlaeQlvy,None,None,None,None,False,False,False,False,False,False,False,False,False,True,False,False,False,False,False,False
503644713761517568,Sun Aug 24 20:47:11 +0000 2014,237,96,False,3902,3238,2,2,0,False,donation_needs_or_offers_or_volunteering_services,9,0,Tablet,414,"Willie Brown will present $50,000 check Weds from Raiders to Napa Valley Schools to assist in efforts to recover from Sunday's earthquake.",None,None,None,None,False,False,False,False,False,False,False,True,True,True,True,False,False,False,True,True
503644727149723648,Sun Aug 24 20:47:14 +0000 2014,6775,868,False,141478,2651,1,1,1,False,donation_needs_or_offers_or_volunteering_services,0,0,OtherSite,417,Salvation Army Responds to the Napa California Earthquake : The Salvation Army http://t.co/bupopkz0uM napa earthquake,None,california,None,napa,False,True,False,True,False,False,False,False,True,True,False,False,False,False,False,False
503644745047228417,Sun Aug 24 20:47:19 +0000 2014,1257,157,False,11966,1658,2,0,0,False,not_related_or_irrelevant,2,0,UnofficialApps,422,"RT @Dick_Florida: Will the Earthquake of Things disrupt the earthquake we've all grown accustomed to? As always, California is the pioneer.",None,california,None,None,False,True,False,False,False,False,False,False,False,True,False,False,False,False,False,False
503644756967444482,Sun Aug 24 20:47:22 +0000 2014,558,735,True,7416,2536,1,1,1,False,sympathy_and_emotional_support,10,0,Client Web,425,All my thoughts and wishes go out to all my friends and family in Napa after the devastating earthquake. napaearthquake missmyson,None,None,None,napa,False,False,False,True,False,False,False,False,False,True,False,False,False,False,False,False
503644818472726530,Sun Aug 24 20:47:36 +0000 2014,827,749,False,1011,3141,1,1,0,False,sympathy_and_emotional_support,2,0,Client Web,439,http://t.co/kfRkO2XxIp nooooooo..... dont mind a bit of californian wine - Disaster in Napa!! (And obv all others affected by the quake too),None,None,None,None,False,False,False,False,False,False,False,False,False,True,False,False,False,False,False,False
503644837993021440,Sun Aug 24 20:47:41 +0000 2014,1358,382,True,2091,3355,2,1,0,False,donation_needs_or_offers_or_volunteering_services,20,0,MobileApp,444,Oakland Raiders to Donate to Napa Schools: Following Sunday's 6.0-magnitude earthquake that struck the heart of... http://t.co/3C4yuu2AjM,None,None,None,None,False,False,False,False,False,False,False,True,True,True,False,False,False,False,False,False
503644839162826752,Sun Aug 24 20:47:41 +0000 2014,158,311,False,1128,3168,1,2,0,False,not_related_or_irrelevant,1,1,MobileApp,444,"RT @weknowwhatsbest: Immediately after vacation, the First Couple will spend a few nights in Wine Country California to inspect any possiblâ€¦",country,california,None,None,True,True,False,False,True,False,False,False,False,False,True,False,False,False,False,False
503644857777524736,Sun Aug 24 20:47:46 +0000 2014,7860,1708,False,143752,2115,0,0,1,False,not_related_or_irrelevant,0,0,OtherSite,449,RT @bgittleson: This photo is very California. napa earthquake http://t.co/ZChvmbR369,None,california,None,None,False,True,False,False,False,False,False,False,False,True,False,False,False,False,False,False
503644883698319360,Sun Aug 24 20:47:52 +0000 2014,96,108,False,5518,1640,0,1,0,False,sympathy_and_emotional_support,11,0,Client Web,455,RT @TheWire: Why don't California homeowners have earthquake insurance? http://t.co/yYQYZcvOuD,None,california,None,None,False,True,False,False,False,False,False,False,False,True,False,False,False,False,False,False
503644909451358208,Sun Aug 24 20:47:58 +0000 2014,1930,947,True,26390,3273,0,1,0,False,donation_needs_or_offers_or_volunteering_services,18,0,MobileApp,461,RT @RAIDERS: Former Raiders LB @kirkmorrison encourages you to help with Napa earthquake relief. http://t.co/2rJdx2omqN,None,None,None,None,False,False,False,False,False,False,False,False,False,True,False,False,False,False,False,False
503644909996220416,Sun Aug 24 20:47:58 +0000 2014,6187,5755,False,11382,2140,1,0,0,False,not_related_or_irrelevant,1,0,Client Web,461,RT @ReformedBroker: Applause RT @MeredithFrost: California in one picture. MT @vickydnguyen: Napa skaters find upside to quake damage. httpâ€¦,None,mt,None,None,False,True,False,False,False,False,False,False,False,False,True,False,True,False,False,False
503644914593198080,Sun Aug 24 20:47:59 +0000 2014,120569,3582,True,94692,3608,0,1,1,True,sympathy_and_emotional_support,0,1,TweetDeck,462,"Thoughts, prayers to our friends with earthquake damage, fears in California. Take care, folks.",None,california,None,None,False,True,False,False,False,False,False,False,False,True,False,False,False,False,False,False
503644914849042432,Sun Aug 24 20:47:59 +0000 2014,1848,741,True,6595,3035,2,1,1,False,not_related_or_irrelevant,23,12,Client Web,462,http://t.co/5mL5IHlUdQ Earthquake Earthquake Today Earthquake California Napa earthquake California Earthquake San Francisco Earthquake Uâ€¦,None,None,None,None,False,False,False,False,False,False,False,False,True,False,True,False,False,False,False,False
503644931341041664,Sun Aug 24 20:48:03 +0000 2014,7083,402,True,40437,3059,0,0,1,False,not_related_or_irrelevant,0,0,OtherSite,466,RT @bgittleson: This photo is very California. napa earthquake http://t.co/ZChvmbR369,None,california,None,None,False,True,False,False,False,False,False,False,False,True,False,False,False,False,False,False
503644946587721730,Sun Aug 24 20:48:07 +0000 2014,676,2867,True,24424,2703,1,0,0,False,sympathy_and_emotional_support,3007,0,MobileApp,470,Looking at pix of busted wine bottles in napaquake making me sad and ready for HappyHour ... Will toast w a California wine,None,california,None,None,False,True,False,False,False,False,False,False,False,False,False,False,False,False,False,False
503644959237758976,Sun Aug 24 20:48:10 +0000 2014,1005,479,True,4764,1999,0,1,0,False,sympathy_and_emotional_support,122,0,MobileApp,473,"RT @PEJU_Winery: Thank you for your well wishes about Napa earthquake, open for business thanks to our amazing hard working staff. HB http:â€¦",None,None,None,None,False,False,False,False,False,False,False,False,False,True,True,False,False,False,False,False
503644960588333056,Sun Aug 24 20:48:10 +0000 2014,78772,33694,True,206521,3328,1,1,0,False,not_related_or_irrelevant,16,18,MobileApp,473,"RT @weknowwhatsbest: Immediately after vacation, the First Couple will spend a few nights in Wine Country California to inspect any possiblâ€¦",country,california,None,None,True,True,False,False,True,False,False,False,False,False,True,False,False,False,False,False
503644966024134660,Sun Aug 24 20:48:11 +0000 2014,354,89,True,20479,1540,2,2,1,False,donation_needs_or_offers_or_volunteering_services,12,0,MobileApp,474,Volunteers flock to Napa to lend quake victims a helping hand jobs news career jobsila  http://t.co/8xZnjeusL4,None,None,None,None,False,False,False,False,False,False,False,False,False,False,False,False,False,False,False,False
503644972344954880,Sun Aug 24 20:48:13 +0000 2014,5983,241,True,17118,2467,0,0,0,False,not_related_or_irrelevant,0,0,Facebook,476,Thank you Quakehold! steps from epicenter of 6.0 Napa earthquake... grandmothers hutch &amp; dishes are safe thanks to you!,None,None,None,None,False,False,False,False,False,False,False,False,False,True,False,False,True,False,False,False
503644974131707904,Sun Aug 24 20:48:13 +0000 2014,463,670,True,3455,2229,0,1,0,False,donation_needs_or_offers_or_volunteering_services,39,0,MobileApp,476,Civil servants supporting Napa earthquake relief are impressive. Great to see them rise to the occasion. napaquake,None,None,None,napa,False,False,False,True,False,False,False,False,False,True,False,False,False,False,False,False
503644977407483904,Sun Aug 24 20:48:14 +0000 2014,557,1985,True,1604,2701,1,1,0,False,not_related_or_irrelevant,3,0,Client Web,477,RT @yaaasmineb: *hella California RT @bgittleson: This photo is very California. napa earthquake http://t.co/x1ZWYO4J3a,None,california,None,None,False,True,False,False,False,False,False,False,False,True,False,False,False,False,False,False
503644980775514112,Sun Aug 24 20:48:15 +0000 2014,1286,2438,True,177419,1526,0,1,1,False,not_related_or_irrelevant,664,0,Client Web,478,RT @HecklerForever: A magnitude 6.0 earthquake in California. It was so powerful it knocked Arnold Schwarzenegger off his housekeeper. - Daâ€¦,None,california,None,None,False,True,False,False,False,False,False,False,False,True,True,False,True,False,True,False
503644988606259200,Sun Aug 24 20:48:17 +0000 2014,117,312,True,91,3359,0,1,1,False,not_related_or_irrelevant,753,0,Tablet,480,napaquake sounds alarm: Do a home &amp; business inventory of your stuff!  Help getting started: http://t.co/KpkoE8fhNO,None,None,None,None,False,False,False,False,False,False,False,False,False,False,False,False,False,False,False,False
503645008755687424,Sun Aug 24 20:48:22 +0000 2014,28897,27759,False,81681,3529,3,2,1,False,donation_needs_or_offers_or_volunteering_services,0,0,OtherSite,485,"RT @BWilliamsonESPN: Raiders will donate $50,000 to help recovery efforts from the Napa earthquake. It is the teamâ€™s training camp home.",None,None,None,napa,False,False,False,True,False,False,False,False,True,True,True,False,False,False,False,False
503645039726448640,Sun Aug 24 20:48:29 +0000 2014,91,63,False,6717,2117,0,1,1,False,donation_needs_or_offers_or_volunteering_services,1881,0,Client Web,492,House candidate JamesHinton: FederalReserve must help rebuild Napa-Sonoma-NorthBay c 0% 30-year loans TODAY http://t.co/e8prC6C3W0,None,None,None,None,False,False,False,False,False,False,True,True,True,False,False,False,False,False,True,False
503645053978705920,Sun Aug 24 20:48:32 +0000 2014,31,0,False,462350,1560,0,0,1,False,not_related_or_irrelevant,0,0,OtherSite,495,"RT @msav64: @winewankers Nooooooooo  ""What About The Wine?!"" re Napa, California, M6.1 quake, via @DavidSilverOak  https://t.co/FwheCasCwHâ€",None,california,None,None,False,True,False,False,False,False,False,False,False,False,False,False,True,False,False,False
503645097565495296,Sun Aug 24 20:48:43 +0000 2014,409,368,False,47637,3326,1,2,0,False,donation_needs_or_offers_or_volunteering_services,15,0,MobileApp,506,RT @ctuan: The Guardian Angels have arrived to help keep an eye on things in downtown Napa. earthquake jauntyberets http://t.co/dE18zRhOâ€¦,None,None,None,None,False,False,False,False,False,False,False,False,True,True,False,False,False,False,False,False
503645108739526656,Sun Aug 24 20:48:45 +0000 2014,82,397,False,2957,2090,0,1,0,False,not_related_or_irrelevant,38,0,MobileApp,508,Travel Indy Car race on after Northern California quake â€“ SFGate http://t.co/KYthVguQcB,northern,california,None,None,True,True,False,False,False,False,False,False,False,False,True,False,False,False,False,False
503645114619551744,Sun Aug 24 20:48:47 +0000 2014,9845,3634,True,22827,2561,0,0,1,False,sympathy_and_emotional_support,5,2,Developer,510,RT @ReformedBroker: Applause RT @MeredithFrost: California in one picture. MT @vickydnguyen: Napa skaters find upside to quake damage. httpâ€¦,None,mt,None,None,False,True,False,False,False,False,False,False,False,False,True,False,True,False,False,False
503645146844758016,Sun Aug 24 20:48:54 +0000 2014,4690,4130,False,58769,1601,0,1,1,False,donation_needs_or_offers_or_volunteering_services,0,0,OtherSite,517,"RT @raleys: We were pleased to donate 8,000 gallons of water to help our Napa/Vallejo Salvation Army partners w napaquake relief http://t.â€¦",None,None,None,None,False,False,False,False,False,False,False,False,True,False,False,False,True,False,False,False
503645150564720640,Sun Aug 24 20:48:55 +0000 2014,61,167,True,3147,1379,2,1,0,False,not_related_or_irrelevant,12,0,MobileApp,518,RT @bgittleson: This photo is very California. napa earthquake http://t.co/ZChvmbR369,None,california,None,None,False,True,False,False,False,False,False,False,False,True,False,False,False,False,False,False
503645155120144384,Sun Aug 24 20:48:56 +0000 2014,810,1499,True,32214,3684,1,2,1,False,not_related_or_irrelevant,8,0,MobileApp,519,"RT @spillthwinegirl: ""Winemakers mop up after Napa earthquake"" http://t.co/1ojOLLXL3G Napa wine napaquake",None,None,None,None,False,False,False,False,False,False,False,False,False,True,False,False,False,False,False,False
503645162233290752,Sun Aug 24 20:48:58 +0000 2014,5401,2568,False,22443,2890,2,0,0,False,sympathy_and_emotional_support,12,15,TweetDeck,521,Our thoughts and best wishes go out to all of our friends in Napa and Sonoma. napaquake,None,None,None,sonoma,False,False,False,True,False,False,False,False,False,False,False,False,False,False,False,False
503645170315710464,Sun Aug 24 20:49:00 +0000 2014,201,220,True,11052,1546,0,1,0,False,not_related_or_irrelevant,6,0,MobileApp,523,RT @TheNextWeb: This graph shows how many Jawbone Up users were awoken by the Napa earthquake http://t.co/32RFlmIGnU http://t.co/2L23nQPdI2,None,None,None,napa,False,False,False,True,False,False,False,False,False,True,False,False,False,False,False,False
503645197587070976,Sun Aug 24 20:49:07 +0000 2014,2784,708,False,34591,2767,0,0,1,False,donation_needs_or_offers_or_volunteering_services,0,0,OtherSite,530,How you can help those hurt in the Napa earthquake - SFGate http://t.co/eolohUlZPG,None,None,None,napa,False,False,False,True,False,False,False,False,False,True,False,False,False,False,False,False
503645219837857792,Sun Aug 24 20:49:12 +0000 2014,9200,224,False,155459,3218,0,0,1,False,not_related_or_irrelevant,0,0,OtherSite,535,RT @Lahlahlindsey: MY TEAM MT @vickydnguyen: Napa-- skaters finding upside to quake damage. Photo from nbcbayarea photog Jeremy Carroll htâ€¦,None,mt,None,None,False,True,False,False,False,False,False,False,False,False,True,False,False,False,True,False
503645219917922304,Sun Aug 24 20:49:12 +0000 2014,604,1612,True,10335,3344,0,0,1,False,donation_needs_or_offers_or_volunteering_services,0,0,Facebook,535,Lodi Wine Industry Reaches Out To Help Napa Wineries Affected By Earthquake Â« CBS Sacramento http://t.co/gNZ4BAUNv1,None,None,None,lodi,False,False,False,True,False,False,False,False,True,True,False,False,False,False,False,False
503645245863903232,Sun Aug 24 20:49:18 +0000 2014,400,187,True,6301,1653,0,1,0,False,donation_needs_or_offers_or_volunteering_services,122,0,MobileApp,541,"Catholic Charities helps with relief after Calif. quake: Napa, Calif., Aug 26, 2014 / 05:07 am (EWTN News/CNA)... http://t.co/GAkxSQYVtK",None,calif.,None,napa,False,True,False,True,True,False,False,True,True,False,False,False,False,False,False,False
503645256420569088,Sun Aug 24 20:49:21 +0000 2014,70,12,False,122203,1546,0,0,1,False,donation_needs_or_offers_or_volunteering_services,0,0,Twitterfeed,544,Yes. RT @Luscious_Lushes: There will b billions of $ in damage this earthquake.  Please support your napa businesses &amp; buy more wine....,None,None,None,None,False,False,False,False,False,False,False,False,False,True,False,False,False,False,False,False
503645267464163328,Sun Aug 24 20:49:23 +0000 2014,273,267,True,7194,3349,1,1,1,False,donation_needs_or_offers_or_volunteering_services,3,0,MobileApp,546,Pulling a double shift to go help the earthquake relief in Napa.,None,None,None,napa,False,False,False,True,False,False,False,False,False,True,False,False,False,False,False,False
503645299886530562,Sun Aug 24 20:49:31 +0000 2014,948,293,True,59467,2318,0,1,1,False,sympathy_and_emotional_support,102,0,MobileApp,554,"PLEASE RETWEET,I AM ASKING FOR PRAYERS FOR ALL OF NAPA CA. THEY ARE HURTING UP THERE WITH 200+PEOPLE HURT,1BILLION N DAMAGES FROM EARTHQUAKE",None,ca,None,None,False,True,False,False,False,False,False,False,False,True,False,False,True,False,False,False
503645314301964288,Sun Aug 24 20:49:34 +0000 2014,467,255,True,30470,3951,1,0,0,False,not_related_or_irrelevant,3007,0,Tweetbot,557,"RT @BloomTV: In case it wasn't obvious, this napaquake damaged car is sold ""as-is:"" http://t.co/XXEciHl7Yu",None,None,None,None,False,False,False,False,False,False,False,False,False,False,False,False,False,False,False,False
503645315618967552,Sun Aug 24 20:49:35 +0000 2014,36,10,False,122033,1546,0,0,1,False,not_related_or_irrelevant,0,0,Twitterfeed,558,McCain Uses California Earthquake to Criticize Obama http://t.co/ntHfUZiZtw via @dailykos,None,california,None,None,False,True,False,False,False,False,False,False,False,True,False,False,False,False,True,False
503645317905252352,Sun Aug 24 20:49:35 +0000 2014,9344,1383,False,195839,1472,0,0,1,False,not_related_or_irrelevant,0,0,OtherSite,558,California quake: Was this the one before the 'Big One'? - CNN,None,california,None,None,False,True,False,False,False,False,False,False,False,False,False,False,True,False,False,False
503645330370723843,Sun Aug 24 20:49:38 +0000 2014,1005,1551,False,11645,1644,1,1,0,False,not_related_or_irrelevant,9,0,MobileApp,561,"US For many Californians, cost of earthquake insurance outweighs the risks: NAPA Calif (Reuters) - Du... http://t.co/nGBZ9Yxdrr Reuter",None,calif,us,napa,False,True,True,True,False,False,False,False,True,True,False,False,False,False,False,False
503645333855801345,Sun Aug 24 20:49:39 +0000 2014,1357,420,False,36695,2239,0,0,1,False,not_related_or_irrelevant,0,0,OtherSite,562,@Thegirlinrowk chart showing timeline of people with @fitbit woke up from Napa Earthquake http://t.co/QcMV933SCM,None,None,None,None,False,False,False,False,False,False,False,False,False,True,False,False,False,False,False,False
503645363127869440,Sun Aug 24 20:49:46 +0000 2014,1705,1994,True,45464,2260,1,2,0,False,not_related_or_irrelevant,8,0,Client Web,569,RT @bgittleson: This photo is very California. napa earthquake http://t.co/ZChvmbR369,None,california,None,None,False,True,False,False,False,False,False,False,False,True,False,False,False,False,False,False
503645383617413121,Sun Aug 24 20:49:51 +0000 2014,14486,3051,True,92706,4190,2,1,0,True,not_related_or_irrelevant,58,0,MobileApp,574,RT @RFrederick_Art: Going to check my studio. A lot of art &amp; supplies &amp; materials... Fingers X'd  NapaQuake,None,None,None,None,False,False,False,False,False,False,False,False,False,False,False,False,False,False,False,False
503645393385582592,Sun Aug 24 20:49:53 +0000 2014,39,11,False,89784,1544,0,0,1,False,not_related_or_irrelevant,0,0,Twitterfeed,576,RT @vickydnguyen: Meadowbrook Lane in Napa-- skaters finding upside to quake damage. Photo from nbcbayarea photog Jeremy Carroll http://t.â€¦,None,None,None,None,False,False,False,False,False,False,False,False,True,False,False,False,False,False,True,False
503645400079675392,Sun Aug 24 20:49:55 +0000 2014,404,256,True,6255,2123,2,1,0,False,donation_needs_or_offers_or_volunteering_services,4542,0,MobileApp,578,RT @RAIDERS: Raiders @ProFootballHOF Willie Brown represents the Silver &amp; Black in Napa as the team helps with earthquake relief. http://t.â€¦,None,None,None,None,False,False,False,False,False,False,False,False,True,True,False,False,False,False,True,False
503645423370645504,Sun Aug 24 20:50:00 +0000 2014,968,2961,True,7398,2233,2,1,0,False,not_related_or_irrelevant,58,0,MobileApp,583,RT @bgittleson: This photo is very California. napa earthquake http://t.co/ZChvmbR369,None,california,None,None,False,True,False,False,False,False,False,False,False,True,False,False,False,False,False,False
503645426260525056,Sun Aug 24 20:50:01 +0000 2014,199,255,False,4890,4074,2,1,0,False,sympathy_and_emotional_support,58,0,MobileApp,584,RT @NapaVintners: TY to all who sent messages of help &amp; support. We continue to update info as we can see http://t.co/uOsMrLe74b NVV napaâ€¦,None,None,None,None,False,False,False,False,False,False,False,False,False,False,True,False,False,False,True,False
503645436360417280,Sun Aug 24 20:50:03 +0000 2014,4176,33,False,1178119,3392,2,2,1,False,not_related_or_irrelevant,1,0,MobileApp,586,RT @btemps: Great news California. Lot of earthquake experts on my flight to San Francisco.,None,california,None,francisco,False,True,False,True,False,False,False,False,False,True,False,False,False,False,False,False
503645437484494848,Sun Aug 24 20:50:04 +0000 2014,285,11,False,283397,2001,0,0,1,False,donation_needs_or_offers_or_volunteering_services,0,0,Twitterfeed,587,RT @nehlerssd: VIDEO: PG&amp;E Employees Descend on Napa to Aid Customers Impacted by Earthquake http://t.co/zXid15O61j via @PGE4ME custserv â€¦,None,None,None,None,False,False,False,False,False,False,False,False,True,True,True,False,False,False,False,False
503645446917472257,Sun Aug 24 20:50:06 +0000 2014,38,10,False,90076,1544,0,0,1,False,not_related_or_irrelevant,0,0,Twitterfeed,589,RT @no2persecution: California earthquake captured on family's camera - video http://t.co/4cr1S0hUuX,None,california,None,None,False,True,False,False,False,False,False,False,False,True,False,False,False,False,False,False
503645455415119872,Sun Aug 24 20:50:08 +0000 2014,6597,4224,True,25391,3372,2,3,0,True,donation_needs_or_offers_or_volunteering_services,15,0,Client Web,591,"RT @RaidersFanZone: Raiders Assist in Napa Earthquake Recovery Efforts UPDATED: The American Red Cross, Napa Valley Unified School Dis httpâ€¦",None,None,None,None,False,False,False,False,False,False,False,False,True,True,True,False,False,False,False,False
503645478882250752,Sun Aug 24 20:50:14 +0000 2014,2054,986,True,201232,1879,0,0,1,False,donation_needs_or_offers_or_volunteering_services,0,0,Twitterfeed,597,RT @anexxia: Please consider donating if you can: Napa Humane is caring for pets whose owners are in shelters: http://t.co/sC8MxQIO8E napaâ€¦,None,None,None,None,False,False,False,False,False,False,False,False,False,False,True,False,False,False,False,False
503645481524686849,Sun Aug 24 20:50:14 +0000 2014,180,388,True,1669,1753,0,1,1,False,not_related_or_irrelevant,0,0,OtherSite,597,"RT @WWECreative_ish: If Big Show &amp; @TheMarkHenry ""running"" didn't cause a massive earthquake in California, nothing will. RAWTonight",None,california,None,None,False,True,False,False,False,False,False,False,False,True,False,False,False,False,False,False
503645486390050816,Sun Aug 24 20:50:16 +0000 2014,343,326,True,14235,3165,0,1,1,False,donation_needs_or_offers_or_volunteering_services,7,0,MobileApp,599,"RT @2hip4tv: napaquake The children tell me it's tough to process, to help them they decided to sell baked goods &amp; lemonade, http://t.co/nâ€¦",None,None,None,None,False,False,False,False,False,False,False,False,False,False,False,False,True,False,False,False
503645493226795008,Sun Aug 24 20:50:17 +0000 2014,847,97,False,497184,1620,1,0,1,False,not_related_or_irrelevant,0,0,Twitterfeed,600,RT @NapaWineGuy: NapaWineGuy Notes on the Napa earthquake http://t.co/3xt1vfK0iF Napa,None,None,None,napa,False,False,False,True,False,False,False,False,False,True,False,False,False,False,False,False
503645515758583808,Sun Aug 24 20:50:22 +0000 2014,847,97,False,497184,1620,0,0,1,False,donation_needs_or_offers_or_volunteering_services,0,0,Twitterfeed,605,"Catholic Charities helps with relief after Calif. quake â€“ Napa Valley, Calif., Aug 26, 2014 / 04:07 am (CNA/EWT... http://t.co/uc03qEWToM",None,calif.,None,valley,False,True,False,True,True,False,False,True,True,False,True,False,False,False,False,False
503645515758583808,Sun Aug 24 20:50:22 +0000 2014,847,97,False,497184,1620,0,0,1,False,donation_needs_or_offers_or_volunteering_services,0,0,Twitterfeed,605,"Catholic Charities helps with relief after Calif. quake â€“ Napa Valley, Calif., Aug 26, 2014 / 04:07 am (CNA/EWT... http://t.co/uc03qEWToM",None,calif.,None,valley,False,True,False,True,True,False,False,True,True,False,True,False,False,False,False,False
503645515758583808,Sun Aug 24 20:50:22 +0000 2014,847,97,False,497184,1620,0,0,1,False,donation_needs_or_offers_or_volunteering_services,0,0,Twitterfeed,605,"Catholic Charities helps with relief after Calif. quake â€“ Napa Valley, Calif., Aug 26, 2014 / 04:07 am (CNA/EWT... http://t.co/uc03qEWToM",None,calif.,None,valley,False,True,False,True,True,False,False,True,True,False,True,False,False,False,False,False
503645515758583808,Sun Aug 24 20:50:22 +0000 2014,847,97,False,497184,1620,0,0,1,False,donation_needs_or_offers_or_volunteering_services,0,0,Twitterfeed,605,"Catholic Charities helps with relief after Calif. quake â€“ Napa Valley, Calif., Aug 26, 2014 / 04:07 am (CNA/EWT... http://t.co/uc03qEWToM",None,calif.,None,valley,False,True,False,True,True,False,False,True,True,False,True,False,False,False,False,False
503645523950460929,Sun Aug 24 20:50:24 +0000 2014,518,236,False,41959,1782,0,0,1,False,donation_needs_or_offers_or_volunteering_services,0,0,OtherSite,607,RT @26DrDeath: ATTENTION ALL!!For those attending this Thursdays Raider game @66thmob will be collecting donations for napaquake victims,None,None,None,None,False,False,False,False,False,False,False,True,False,False,False,False,True,False,False,False
503645546423537664,Sun Aug 24 20:50:30 +0000 2014,1307,1968,True,26652,3390,0,1,1,False,donation_needs_or_offers_or_volunteering_services,102,0,MobileApp,613,"The Napa food bank is very low on food. Need non-perishable foods,  Volunteers needed f  $ donations too napaquake earthquake",None,None,None,None,False,False,False,False,False,False,False,False,True,True,True,False,False,False,False,False
503645546423537664,Sun Aug 24 20:50:30 +0000 2014,1307,1968,True,26652,3390,0,1,1,False,donation_needs_or_offers_or_volunteering_services,102,0,MobileApp,613,"The Napa food bank is very low on food. Need non-perishable foods,  Volunteers needed f  $ donations too napaquake earthquake",None,None,None,None,False,False,False,False,False,False,False,False,True,True,True,False,False,False,False,False
503645546423537664,Sun Aug 24 20:50:30 +0000 2014,1307,1968,True,26652,3390,0,1,1,False,donation_needs_or_offers_or_volunteering_services,102,0,MobileApp,613,"The Napa food bank is very low on food. Need non-perishable foods,  Volunteers needed f  $ donations too napaquake earthquake",None,None,None,None,False,False,False,False,False,False,False,False,True,True,True,False,False,False,False,False
503645546423537664,Sun Aug 24 20:50:30 +0000 2014,1307,1968,True,26652,3390,0,1,1,False,donation_needs_or_offers_or_volunteering_services,102,0,MobileApp,613,"The Napa food bank is very low on food. Need non-perishable foods,  Volunteers needed f  $ donations too napaquake earthquake",None,None,None,None,False,False,False,False,False,False,False,False,True,True,True,False,False,False,False,False
503645548793307136,Sun Aug 24 20:50:30 +0000 2014,623,582,False,880,3336,1,1,1,False,donation_needs_or_offers_or_volunteering_services,10,0,MobileApp,613,"Skaters Make Best of Napa Earthquake by Shredding Buckled Streets: To quote Jurassic Park's esteemed, fictiona... http://t.co/9bAl7PEFF6",None,None,None,None,False,False,False,False,False,False,False,False,False,True,False,False,False,False,False,False
503645553603801088,Sun Aug 24 20:50:31 +0000 2014,172,1058,False,6275,2327,1,3,0,False,not_related_or_irrelevant,7,0,MobileApp,614,"seee â€œ@KalebNation: That wasnâ€™t an earthquake, California, that was God rolling out the red carpet for Beyonce. VMAsâ€",None,california,None,None,False,True,False,False,False,False,False,False,False,True,True,False,False,False,True,False
503645556787646464,Sun Aug 24 20:50:32 +0000 2014,2262,896,False,31252,2955,0,1,0,False,sympathy_and_emotional_support,661,0,MobileApp,615,Our thoughts &amp; best wishes are with our fellow winemakers in Napa http://t.co/gcp8LANqhk,None,None,None,None,False,False,False,False,False,False,False,False,False,False,False,False,False,False,False,False
503645559568498690,Sun Aug 24 20:50:33 +0000 2014,672,415,True,62057,2281,2,1,0,False,not_related_or_irrelevant,4542,0,MobileApp,616,California quake: One before the 'Big One'? http://t.co/7nsO6jiUnc,None,california,None,None,False,True,False,False,False,False,False,False,False,False,False,False,True,False,False,False
503645562932314113,Sun Aug 24 20:50:34 +0000 2014,70603,9649,True,132377,3954,0,1,0,True,sympathy_and_emotional_support,271,0,Client Web,617,"RT @GoPro: The SF Bay Area shook last night from an earthquake, but the GoPro Grand Prix is on. Our thoughts go out to our Bay Area friendsâ€¦",area,None,None,bay,True,False,False,True,True,False,False,False,True,True,True,False,False,False,False,False
503645568728449024,Sun Aug 24 20:50:35 +0000 2014,2283,684,True,7847,1894,2,1,1,False,donation_needs_or_offers_or_volunteering_services,6,0,MobileApp,618,"RT @RedCrossCRC: 2 shelters open for napaquake: Crosswalk Cmnty Church, 2590 1st St, NAPA &amp; Florence Douglas Cntr, 333 Amador St, VALLEJâ€¦",None,None,None,None,False,False,False,False,False,False,False,True,True,False,True,False,True,False,False,False
503645577419444224,Sun Aug 24 20:50:37 +0000 2014,2139,769,False,138793,3317,0,1,0,False,donation_needs_or_offers_or_volunteering_services,271,0,Client Web,620,"RT @RAIDERS: ICYMI, Willie Brown presented a donation on behalf of the Raiders for Napa earthquake relief. http://t.co/raVKv869W3 http://t.â€¦",None,None,None,napa,False,False,False,True,False,False,False,False,True,True,False,False,False,False,True,False
503645598105743360,Sun Aug 24 20:50:42 +0000 2014,1279,2746,True,3238,2297,2,1,1,False,donation_needs_or_offers_or_volunteering_services,9,0,MobileApp,625,RT @KathyEDSFLA: Salvation Army Responding To Napa Earthquake : The Salvation Army http://t.co/aFkJw8khVN earthquake,None,None,None,None,False,False,False,False,False,False,False,False,True,True,False,False,False,False,False,False
503645609371246592,Sun Aug 24 20:50:45 +0000 2014,64,53,True,13638,1826,2,1,1,False,not_related_or_irrelevant,29,0,MobileApp,628,"San Francisco Bay Area/Napa earthquake: dykes be like: ""last night my normal dildos momentarily turned into 'no batteries needed vibrators'""",area/napa,None,None,bay,True,False,False,True,False,False,False,True,False,True,False,False,False,False,False,False
503645618384809984,Sun Aug 24 20:50:47 +0000 2014,10030,1106,False,240201,3034,0,1,0,False,not_related_or_irrelevant,3,0,Client Web,630,The Napa earthquake woke this many Jawbone Up wearers | The Verge http://t.co/1hoxuSJ3kD,None,None,None,napa,False,False,False,True,False,False,False,False,False,True,False,False,False,False,False,False
503645622046453760,Sun Aug 24 20:50:48 +0000 2014,241,70,False,3697,2458,0,0,0,False,sympathy_and_emotional_support,0,0,MobileApp,631,My Prayers to the Northern Ca. people who are in the Earthquake,None,None,None,None,False,False,False,False,False,False,False,False,False,True,False,False,False,False,False,False
503645627415154688,Sun Aug 24 20:50:49 +0000 2014,811,71,False,961309,1430,2,1,1,False,not_related_or_irrelevant,0,0,Twitterfeed,632,RT @Zamaanie: Zionist US supplies Israel with WMD for Terrorism Israel Gaza Palestine USA Ferguson UK US napaquake p2 http://t.co/â€¦,gaza,None,us,ferguson,True,False,True,True,False,True,False,False,False,False,False,False,False,False,False,False
