TweetID,CreationTime,Followers,Followed,GeoTagged,TotalTweets,TwitterAge,nHashTags,nMentions,nUrls,Verified,Label,nRetweets,nLikes,Source,isRetweet,DeltaSeconds
382813391435206659,Wed Sep 25 10:26:39 +0000 2013,2550,498,True,18837,3065,2,2,0,False,not_related_or_irrelevant,20,0,Client Web,True,1
382813401845485568,Wed Sep 25 10:26:41 +0000 2013,217,235,True,20799,2005,2,1,1,False,not_related_or_irrelevant,4,0,MobileApp,True,3
382813437513834497,Wed Sep 25 10:26:50 +0000 2013,7601,4191,False,181478,2199,2,3,1,False,donation_needs_or_offers_or_volunteering_services,1,0,Client Web,True,12
382813466014121984,Wed Sep 25 10:26:57 +0000 2013,12772,396,True,25089,2711,2,2,0,False,not_related_or_irrelevant,20,0,MobileApp,True,19
382813514881982464,Wed Sep 25 10:27:08 +0000 2013,1911,46,False,36958,1729,2,0,1,False,not_related_or_irrelevant,0,0,Twitterfeed,False,30
382813518602313729,Wed Sep 25 10:27:09 +0000 2013,12236,855,True,58696,2982,3,1,0,False,donation_needs_or_offers_or_volunteering_services,5,1,Client Web,False,31
382813601024995328,Wed Sep 25 10:27:29 +0000 2013,5435,786,True,21199,2971,4,1,0,False,donation_needs_or_offers_or_volunteering_services,2,0,MobileApp,True,51
382813620356534272,Wed Sep 25 10:27:34 +0000 2013,28859,990,False,305426,2983,3,2,0,False,donation_needs_or_offers_or_volunteering_services,6,0,Tweetbot,True,56
382813932437917696,Wed Sep 25 10:28:48 +0000 2013,23830,84,False,8112,2194,4,0,0,False,donation_needs_or_offers_or_volunteering_services,19,1,MobileApp,False,130
382814060326043648,Wed Sep 25 10:29:18 +0000 2013,131,29,False,98,1824,1,1,0,False,donation_needs_or_offers_or_volunteering_services,1,0,Client Web,False,160
382814062196703232,Wed Sep 25 10:29:19 +0000 2013,877142,721,True,47987,2505,1,0,1,True,not_related_or_irrelevant,11,2,Client Web,False,161
382814074439868419,Wed Sep 25 10:29:22 +0000 2013,7254,2124,True,181094,1983,4,1,0,False,sympathy_and_emotional_support,19,0,Client Web,True,164
382814086519869441,Wed Sep 25 10:29:25 +0000 2013,346,346,True,2990,2246,5,1,0,False,not_related_or_irrelevant,7,0,MobileApp,True,167
382814115276025856,Wed Sep 25 10:29:32 +0000 2013,574,536,False,7730,2932,1,2,0,False,not_related_or_irrelevant,0,1,OtherSite,False,174
382814118056431616,Wed Sep 25 10:29:32 +0000 2013,747,1,True,22150,2004,6,0,1,False,not_related_or_irrelevant,0,0,TweetDeck,False,174
382814146620059648,Wed Sep 25 10:29:39 +0000 2013,30,489,True,617,1826,1,1,0,False,not_related_or_irrelevant,37,0,MobileApp,True,181
382814148851023872,Wed Sep 25 10:29:40 +0000 2013,2752,0,False,48537,2971,6,0,1,False,sympathy_and_emotional_support,0,0,TweetDeck,False,182
382814178768990208,Wed Sep 25 10:29:47 +0000 2013,1259,160,False,581136,3591,6,1,0,False,not_related_or_irrelevant,5,0,UnofficialApps,True,189
382814179624628224,Wed Sep 25 10:29:47 +0000 2013,3499,825,True,37511,2849,2,2,0,False,donation_needs_or_offers_or_volunteering_services,2,0,MobileWeb,False,189
382814241843343361,Wed Sep 25 10:30:02 +0000 2013,14492,22,True,135163,1930,6,0,0,False,donation_needs_or_offers_or_volunteering_services,2,1,MobileApp,False,204
382814365323247617,Wed Sep 25 10:30:31 +0000 2013,21608,3016,True,12243,2440,1,0,0,True,not_related_or_irrelevant,4,0,TweetDeck,False,233
382814414220824576,Wed Sep 25 10:30:43 +0000 2013,180,752,False,5542,2678,6,1,0,False,donation_needs_or_offers_or_volunteering_services,5,0,MobileApp,True,245
382814450119876608,Wed Sep 25 10:30:51 +0000 2013,738,687,True,12442,3041,3,2,1,False,donation_needs_or_offers_or_volunteering_services,0,0,MobileApp,False,253
382814495527038976,Wed Sep 25 10:31:02 +0000 2013,368,423,False,47765,2817,4,0,1,False,donation_needs_or_offers_or_volunteering_services,0,0,OtherSite,False,264
382814514682413056,Wed Sep 25 10:31:07 +0000 2013,6510,692,False,5417,2203,0,1,0,False,sympathy_and_emotional_support,4,0,TweetDeck,True,269
382814531753639936,Wed Sep 25 10:31:11 +0000 2013,455,295,False,12234,1783,2,1,0,False,not_related_or_irrelevant,5,0,MobileApp,True,273
382814739367084032,Wed Sep 25 10:32:00 +0000 2013,124999,1673,False,216952,2440,1,1,0,False,not_related_or_irrelevant,11,0,Client Web,True,322
382814746774626304,Wed Sep 25 10:32:02 +0000 2013,771,50,True,6863,2940,3,0,1,False,not_related_or_irrelevant,0,0,MobileApp,False,324
382814766852358145,Wed Sep 25 10:32:07 +0000 2013,2085,560,True,1037,2869,2,0,1,False,donation_needs_or_offers_or_volunteering_services,0,0,Developer,False,329
382814800163508224,Wed Sep 25 10:32:15 +0000 2013,1688,5000,False,198554,1867,6,1,0,False,donation_needs_or_offers_or_volunteering_services,12,0,Client Web,True,337
382814827439071232,Wed Sep 25 10:32:21 +0000 2013,8339,907,True,85714,2312,3,2,0,False,not_related_or_irrelevant,6,0,Tablet,True,343
382814901263015937,Wed Sep 25 10:32:39 +0000 2013,1190,238,False,198809,2511,5,1,0,False,not_related_or_irrelevant,4,0,Client Web,True,361
382814998864478208,Wed Sep 25 10:33:02 +0000 2013,63,61,False,1909,3137,1,1,0,False,donation_needs_or_offers_or_volunteering_services,18,0,MobileApp,True,384
382815045748400128,Wed Sep 25 10:33:13 +0000 2013,24847,943,False,11631,3146,1,2,0,False,not_related_or_irrelevant,2,0,TweetDeck,False,395
382815055781588992,Wed Sep 25 10:33:16 +0000 2013,30,489,True,617,1826,2,3,1,False,donation_needs_or_offers_or_volunteering_services,2,0,MobileApp,True,398
382815104850329600,Wed Sep 25 10:33:28 +0000 2013,1210,892,True,3959,2297,5,0,1,False,not_related_or_irrelevant,1,0,Client Web,False,410
382815134047272960,Wed Sep 25 10:33:35 +0000 2013,1790,110,True,109383,2914,1,1,0,False,donation_needs_or_offers_or_volunteering_services,2,0,MobileApp,True,417
382815139994415104,Wed Sep 25 10:33:36 +0000 2013,2768,591,False,137138,2634,1,0,1,False,donation_needs_or_offers_or_volunteering_services,0,0,Twitterfeed,False,418
382815170923610112,Wed Sep 25 10:33:43 +0000 2013,99,107,True,3718,2779,0,1,0,False,sympathy_and_emotional_support,12,0,MobileApp,True,425
382815208005062656,Wed Sep 25 10:33:52 +0000 2013,208,277,True,4561,1827,1,1,0,False,donation_needs_or_offers_or_volunteering_services,2,0,Client Web,True,434
382815219891712000,Wed Sep 25 10:33:55 +0000 2013,155,36,False,262,1890,1,1,0,False,donation_needs_or_offers_or_volunteering_services,4,0,Client Web,True,437
382815237940187136,Wed Sep 25 10:33:59 +0000 2013,554,1141,False,101309,2166,1,0,1,False,donation_needs_or_offers_or_volunteering_services,0,0,UnofficialApps,False,441
382815263483506688,Wed Sep 25 10:34:05 +0000 2013,257,734,False,15175,3278,5,1,0,False,not_related_or_irrelevant,1,0,MobileApp,True,447
382815302993842176,Wed Sep 25 10:34:15 +0000 2013,59620,4088,True,30569,2320,2,1,1,True,donation_needs_or_offers_or_volunteering_services,1,1,UnofficialApps,False,457
382815351211175936,Wed Sep 25 10:34:26 +0000 2013,115,537,False,700,1967,2,0,0,False,donation_needs_or_offers_or_volunteering_services,0,0,Client Web,False,468
382815402826268672,Wed Sep 25 10:34:39 +0000 2013,73,291,False,2563,1844,2,0,0,False,donation_needs_or_offers_or_volunteering_services,0,0,Client Web,False,481
382815450272649216,Wed Sep 25 10:34:50 +0000 2013,1781,668,False,55710,2252,2,0,0,False,not_related_or_irrelevant,0,0,MobileApp,False,492
382815466344816640,Wed Sep 25 10:34:54 +0000 2013,2479,1036,False,4622,1813,2,0,1,False,donation_needs_or_offers_or_volunteering_services,0,0,Client Web,False,496
382815486313906177,Wed Sep 25 10:34:58 +0000 2013,546,478,False,29996,3282,1,1,0,False,not_related_or_irrelevant,8,0,Client Web,True,500
382815535982858240,Wed Sep 25 10:35:10 +0000 2013,120229,18,False,168293,3761,2,0,1,False,donation_needs_or_offers_or_volunteering_services,0,0,Twitterfeed,False,512
382815624936050688,Wed Sep 25 10:35:32 +0000 2013,4057,133,True,123421,2363,4,1,0,False,donation_needs_or_offers_or_volunteering_services,4,0,MobileApp,True,534
382815654471938048,Wed Sep 25 10:35:39 +0000 2013,2878,41,False,27571,2488,1,0,0,False,donation_needs_or_offers_or_volunteering_services,0,0,MobileApp,False,541
382815657425117184,Wed Sep 25 10:35:39 +0000 2013,2293,278,False,444130,2191,1,1,1,False,not_related_or_irrelevant,9,0,MobileApp,True,541
382815731915554816,Wed Sep 25 10:35:57 +0000 2013,12774,116,False,4817,2477,1,3,0,False,donation_needs_or_offers_or_volunteering_services,1,0,Client Web,True,559
382815751411089408,Wed Sep 25 10:36:02 +0000 2013,455,295,False,12234,1783,1,0,0,False,not_related_or_irrelevant,0,0,MobileApp,False,564
382815843706343424,Wed Sep 25 10:36:24 +0000 2013,4040,633,True,87047,2341,4,1,0,False,donation_needs_or_offers_or_volunteering_services,4,0,Client Web,True,586
382815850040143872,Wed Sep 25 10:36:25 +0000 2013,2554,1463,False,9205,3377,2,1,1,False,sympathy_and_emotional_support,4,0,MobileApp,True,587
382815862509826048,Wed Sep 25 10:36:28 +0000 2013,4056,135,True,123421,2363,2,1,0,False,donation_needs_or_offers_or_volunteering_services,5,0,MobileApp,True,590
382815904834539520,Wed Sep 25 10:36:38 +0000 2013,1093,424,False,13226,2307,7,0,0,False,donation_needs_or_offers_or_volunteering_services,1,0,MobileApp,False,600
382816005744889857,Wed Sep 25 10:37:02 +0000 2013,805,128,False,35507,1913,3,0,1,False,donation_needs_or_offers_or_volunteering_services,0,0,Developer,False,624
382816083977441280,Wed Sep 25 10:37:21 +0000 2013,509,1348,True,30821,2371,6,1,0,False,not_related_or_irrelevant,5,0,MobileApp,True,643
382816095201001474,Wed Sep 25 10:37:24 +0000 2013,756682,134,True,345783,2988,1,0,1,True,donation_needs_or_offers_or_volunteering_services,1,3,Developer,False,646
382816126389866497,Wed Sep 25 10:37:31 +0000 2013,7254,2124,True,181094,1983,4,1,0,False,donation_needs_or_offers_or_volunteering_services,4,0,Client Web,True,653
382816167368196096,Wed Sep 25 10:37:41 +0000 2013,1974,1902,False,1347,1800,1,2,1,False,donation_needs_or_offers_or_volunteering_services,9,0,Client Web,True,663
382816197588168704,Wed Sep 25 10:37:48 +0000 2013,756682,134,True,345783,2988,1,0,1,True,donation_needs_or_offers_or_volunteering_services,3,3,Developer,False,670
382816204877885440,Wed Sep 25 10:37:50 +0000 2013,7254,2124,True,181094,1983,2,1,0,False,donation_needs_or_offers_or_volunteering_services,5,0,Client Web,True,672
382816210012098560,Wed Sep 25 10:37:51 +0000 2013,2490,152,False,140795,2399,3,0,1,False,not_related_or_irrelevant,0,0,Facebook,False,673
382816216571604992,Wed Sep 25 10:37:53 +0000 2013,326,377,True,20614,2562,1,0,0,False,sympathy_and_emotional_support,0,0,Client Web,False,675
382816301028089856,Wed Sep 25 10:38:13 +0000 2013,3659,1326,False,25495,2673,1,0,1,True,not_related_or_irrelevant,1,0,Developer,False,695
382816317260066818,Wed Sep 25 10:38:17 +0000 2013,768,1918,True,243977,3156,4,0,0,False,sympathy_and_emotional_support,0,0,MobileApp,False,699
382816326265229312,Wed Sep 25 10:38:19 +0000 2013,7286,340,True,206150,2336,2,1,0,False,donation_needs_or_offers_or_volunteering_services,5,0,MobileWeb,True,701
382816331961077761,Wed Sep 25 10:38:20 +0000 2013,184,305,False,13078,2311,6,1,0,False,not_related_or_irrelevant,5,0,MobileApp,True,702
382816386000502784,Wed Sep 25 10:38:33 +0000 2013,270,802,False,2398,1888,1,0,1,False,donation_needs_or_offers_or_volunteering_services,0,0,Developer,False,715
382816420356030465,Wed Sep 25 10:38:41 +0000 2013,26666,397,False,58263,2503,2,1,0,False,donation_needs_or_offers_or_volunteering_services,4,0,TweetDeck,False,723
382816433455259648,Wed Sep 25 10:38:44 +0000 2013,448,988,False,15541,2524,1,1,0,False,not_related_or_irrelevant,15,0,MobileApp,True,726
382816597565382656,Wed Sep 25 10:39:23 +0000 2013,69484,322,True,39571,2782,2,0,1,True,sympathy_and_emotional_support,3,0,Developer,False,765
382816646769160192,Wed Sep 25 10:39:35 +0000 2013,2293,278,False,444130,2191,2,1,0,False,donation_needs_or_offers_or_volunteering_services,6,0,MobileApp,True,777
382816679132020736,Wed Sep 25 10:39:43 +0000 2013,37379,415,True,53671,2798,1,0,1,False,sympathy_and_emotional_support,0,0,Facebook,False,785
382816685335801856,Wed Sep 25 10:39:44 +0000 2013,2033,1419,True,75653,3274,2,1,0,False,donation_needs_or_offers_or_volunteering_services,3,0,MobileApp,True,786
382816715907678209,Wed Sep 25 10:39:52 +0000 2013,4562,962,False,2941181,3070,3,0,1,False,not_related_or_irrelevant,0,0,OtherSite,False,794
382816788473729024,Wed Sep 25 10:40:09 +0000 2013,8365,781,False,39572,2160,2,1,0,False,donation_needs_or_offers_or_volunteering_services,23,0,MobileApp,True,811
382816798799704064,Wed Sep 25 10:40:11 +0000 2013,772,761,True,43207,1904,4,1,0,False,donation_needs_or_offers_or_volunteering_services,0,0,MobileApp,False,813
382816850884960256,Wed Sep 25 10:40:24 +0000 2013,126995,498,False,154664,2879,2,2,0,True,sympathy_and_emotional_support,4,0,MobileApp,True,826
382816989795741696,Wed Sep 25 10:40:57 +0000 2013,5624,2194,False,4166,2337,8,0,1,False,donation_needs_or_offers_or_volunteering_services,0,0,Client Web,False,859
382817013053149184,Wed Sep 25 10:41:02 +0000 2013,124999,1673,False,216952,2440,3,1,0,False,not_related_or_irrelevant,17,0,Client Web,True,864
382817085069737984,Wed Sep 25 10:41:20 +0000 2013,2293,278,False,444130,2191,1,1,0,False,not_related_or_irrelevant,37,0,MobileApp,True,882
382817097069244416,Wed Sep 25 10:41:23 +0000 2013,1391,603,True,77738,3075,3,2,0,False,not_related_or_irrelevant,6,0,MobileApp,True,885
382817160017772544,Wed Sep 25 10:41:38 +0000 2013,1829,2287,True,25674,3101,1,0,0,False,donation_needs_or_offers_or_volunteering_services,0,0,OtherSite,False,900
382817175712436224,Wed Sep 25 10:41:41 +0000 2013,3378,1,False,81828,2734,1,0,1,False,donation_needs_or_offers_or_volunteering_services,0,0,Twitterfeed,False,903
382817224739680256,Wed Sep 25 10:41:53 +0000 2013,527,649,True,4345,2611,4,1,0,False,not_related_or_irrelevant,19,0,Client Web,True,915
382817283846209537,Wed Sep 25 10:42:07 +0000 2013,50679,232,True,43925,2883,1,0,0,True,donation_needs_or_offers_or_volunteering_services,0,0,MobileApp,False,929
382817293912518656,Wed Sep 25 10:42:10 +0000 2013,16645,636,True,333584,2908,3,1,0,False,not_related_or_irrelevant,17,0,Tablet,True,932
382817400300658688,Wed Sep 25 10:42:35 +0000 2013,268,358,True,36396,3594,1,0,1,False,not_related_or_irrelevant,0,0,Developer,False,957
382817422979260417,Wed Sep 25 10:42:40 +0000 2013,320,121,False,78698,1719,2,0,1,False,sympathy_and_emotional_support,0,0,OtherSite,False,962
382817541351301120,Wed Sep 25 10:43:08 +0000 2013,2295,1344,True,8228,2359,2,1,0,False,donation_needs_or_offers_or_volunteering_services,8,0,MobileApp,True,990
382817567519154176,Wed Sep 25 10:43:15 +0000 2013,102319,0,True,155320,2296,2,0,1,True,not_related_or_irrelevant,0,0,Developer,False,997
382817582266335232,Wed Sep 25 10:43:18 +0000 2013,6853,415,False,27653,1885,1,0,0,False,donation_needs_or_offers_or_volunteering_services,0,0,Client Web,False,1000
382817615241957376,Wed Sep 25 10:43:26 +0000 2013,11811,538,True,16529,2136,0,1,0,True,not_related_or_irrelevant,1,0,Client Web,True,1008
382817630614073346,Wed Sep 25 10:43:30 +0000 2013,1755,1113,True,59303,2934,1,0,0,False,not_related_or_irrelevant,0,0,Client Web,False,1012
382817718493138944,Wed Sep 25 10:43:51 +0000 2013,770,183,False,379,1712,2,2,0,False,donation_needs_or_offers_or_volunteering_services,20,0,Client Web,True,1033
382817747765186560,Wed Sep 25 10:43:58 +0000 2013,5041,404,True,7234,2709,2,1,1,False,not_related_or_irrelevant,2,0,Client Web,True,1040
382817794351714304,Wed Sep 25 10:44:09 +0000 2013,236,312,True,788,2646,1,0,0,False,donation_needs_or_offers_or_volunteering_services,0,0,MobileApp,False,1051
382817828422033408,Wed Sep 25 10:44:17 +0000 2013,108,137,False,661,2664,1,1,0,False,not_related_or_irrelevant,18,0,MobileApp,True,1059
382818065450151936,Wed Sep 25 10:45:13 +0000 2013,9332,440,True,34573,2762,5,0,0,True,sympathy_and_emotional_support,0,0,Client Web,False,1115
382818268131885056,Wed Sep 25 10:46:02 +0000 2013,1379,10,False,42858,2309,2,0,1,False,sympathy_and_emotional_support,0,0,OtherSite,False,1164
382818299219673089,Wed Sep 25 10:46:09 +0000 2013,12774,116,False,4817,2477,1,2,0,False,donation_needs_or_offers_or_volunteering_services,3,0,Client Web,True,1171
382818313556226049,Wed Sep 25 10:46:13 +0000 2013,222,344,True,2785,2721,2,1,0,False,donation_needs_or_offers_or_volunteering_services,6,0,MobileApp,True,1175
382818341951254529,Wed Sep 25 10:46:19 +0000 2013,1252,1823,False,28992,1761,6,1,0,False,sympathy_and_emotional_support,12,0,Client Web,True,1181
382818377015640065,Wed Sep 25 10:46:28 +0000 2013,309,278,True,23973,2925,2,1,0,False,sympathy_and_emotional_support,23,0,Client Web,True,1190
382818398628884481,Wed Sep 25 10:46:33 +0000 2013,851,194,False,2022,2742,3,1,0,False,donation_needs_or_offers_or_volunteering_services,2,0,MobileApp,True,1195
382818413627711490,Wed Sep 25 10:46:36 +0000 2013,527,649,True,4345,2611,2,5,0,False,donation_needs_or_offers_or_volunteering_services,7,0,Client Web,True,1198
382818512819200000,Wed Sep 25 10:47:00 +0000 2013,222,344,True,2785,2721,1,1,1,False,sympathy_and_emotional_support,9,0,MobileApp,True,1222
382818525020045313,Wed Sep 25 10:47:03 +0000 2013,12823,12416,False,341351,2141,5,1,1,False,donation_needs_or_offers_or_volunteering_services,21,0,Client Web,True,1225
382818557643730944,Wed Sep 25 10:47:11 +0000 2013,3303,2245,False,25098,2079,1,1,1,False,donation_needs_or_offers_or_volunteering_services,3,0,OtherSite,True,1233
382818570058489857,Wed Sep 25 10:47:14 +0000 2013,527,649,True,4345,2611,2,5,0,False,not_related_or_irrelevant,9,0,Client Web,True,1236
382818652929544192,Wed Sep 25 10:47:33 +0000 2013,527,649,True,4345,2611,4,1,0,False,not_related_or_irrelevant,54,0,Client Web,True,1255
382818672969920513,Wed Sep 25 10:47:38 +0000 2013,9332,440,True,34573,2762,1,1,1,True,donation_needs_or_offers_or_volunteering_services,10,0,Client Web,True,1260
382818703777099777,Wed Sep 25 10:47:46 +0000 2013,64,10,False,19662,2301,2,0,1,False,donation_needs_or_offers_or_volunteering_services,0,1,Twitterfeed,False,1268
382818707967578112,Wed Sep 25 10:47:47 +0000 2013,384,518,True,12751,2737,2,0,0,False,donation_needs_or_offers_or_volunteering_services,0,0,MobileApp,False,1269
382818716461068288,Wed Sep 25 10:47:49 +0000 2013,336,2,False,13558,2226,3,1,0,False,not_related_or_irrelevant,1,0,OtherSite,True,1271
382818735285080064,Wed Sep 25 10:47:53 +0000 2013,334,266,False,18515,1964,1,2,0,False,not_related_or_irrelevant,71,0,MobileApp,True,1275
382818795418419201,Wed Sep 25 10:48:07 +0000 2013,10537,853,False,180381,3395,1,0,1,False,donation_needs_or_offers_or_volunteering_services,0,0,OtherSite,False,1289
382818863072960512,Wed Sep 25 10:48:24 +0000 2013,109366,609,True,17193,2919,2,0,1,False,sympathy_and_emotional_support,1,0,Facebook,False,1306
382818876301791232,Wed Sep 25 10:48:27 +0000 2013,11835,51,True,4851,2674,4,1,0,False,not_related_or_irrelevant,19,0,MobileApp,True,1309
382818877274861568,Wed Sep 25 10:48:27 +0000 2013,102319,0,True,155320,2296,3,0,0,True,not_related_or_irrelevant,0,0,TweetDeck,False,1309
382818986829684736,Wed Sep 25 10:48:53 +0000 2013,92,41,False,25,1749,1,0,0,False,sympathy_and_emotional_support,1,0,Client Web,True,1335
382819199414177792,Wed Sep 25 10:49:44 +0000 2013,83056,5,False,138678,4083,4,0,1,False,not_related_or_irrelevant,0,0,TweetDeck,False,1386
382819416959758338,Wed Sep 25 10:50:36 +0000 2013,223,121,False,453,1765,3,0,0,False,donation_needs_or_offers_or_volunteering_services,1,0,Client Web,False,1438
382819486929526784,Wed Sep 25 10:50:52 +0000 2013,695,854,True,24833,3124,3,0,2,False,donation_needs_or_offers_or_volunteering_services,0,0,Facebook,False,1454
382819489512828928,Wed Sep 25 10:50:53 +0000 2013,11807,4016,False,177508,3207,1,1,1,False,donation_needs_or_offers_or_volunteering_services,2,0,Developer,False,1455
382819616265084928,Wed Sep 25 10:51:23 +0000 2013,7287,956,True,150015,3937,1,1,0,True,not_related_or_irrelevant,11,0,MobileApp,True,1485
382819713413152769,Wed Sep 25 10:51:46 +0000 2013,234,127,False,472,1765,1,2,0,False,donation_needs_or_offers_or_volunteering_services,3,0,Client Web,True,1508
382819728919523329,Wed Sep 25 10:51:50 +0000 2013,1546,351,True,5649,3034,3,1,0,False,sympathy_and_emotional_support,17,0,Client Web,True,1512
382819798436290560,Wed Sep 25 10:52:07 +0000 2013,2228,497,False,10195,2225,4,1,0,False,donation_needs_or_offers_or_volunteering_services,0,0,MobileApp,False,1529
382819816102318080,Wed Sep 25 10:52:11 +0000 2013,234,127,False,472,1765,2,1,0,False,not_related_or_irrelevant,1,0,Client Web,True,1533
382819854081732608,Wed Sep 25 10:52:20 +0000 2013,6928,5354,False,161933,3365,2,1,1,False,donation_needs_or_offers_or_volunteering_services,14,0,MobileApp,True,1542
382819862109638657,Wed Sep 25 10:52:22 +0000 2013,575,197,True,8075,2204,2,0,1,False,not_related_or_irrelevant,0,0,Client Web,False,1544
382819969848729600,Wed Sep 25 10:52:47 +0000 2013,181,194,False,12182,2463,1,2,0,False,not_related_or_irrelevant,71,0,MobileApp,True,1569
382820017672187904,Wed Sep 25 10:52:59 +0000 2013,715,676,True,25327,3280,4,0,1,False,not_related_or_irrelevant,0,0,Client Web,False,1581
382820135687716864,Wed Sep 25 10:53:27 +0000 2013,1002,275,False,79148,2794,6,1,0,False,not_related_or_irrelevant,12,0,MobileApp,True,1609
382820204994371584,Wed Sep 25 10:53:43 +0000 2013,5666,3479,True,31128,3138,4,0,1,False,donation_needs_or_offers_or_volunteering_services,3,0,MobileApp,False,1625
382820222182637568,Wed Sep 25 10:53:48 +0000 2013,140,127,False,3948,2121,2,0,0,False,not_related_or_irrelevant,0,0,MobileApp,False,1630
382820253484322817,Wed Sep 25 10:53:55 +0000 2013,3620,2184,True,18131,3043,3,1,0,False,donation_needs_or_offers_or_volunteering_services,171,0,Client Web,True,1637
382820264959959040,Wed Sep 25 10:53:58 +0000 2013,3620,2184,True,18131,3043,2,1,0,False,donation_needs_or_offers_or_volunteering_services,155,0,Client Web,True,1640
382820315513896961,Wed Sep 25 10:54:10 +0000 2013,3317,3144,True,58596,3047,1,1,1,False,donation_needs_or_offers_or_volunteering_services,10,0,Client Web,True,1652
382820461241184256,Wed Sep 25 10:54:45 +0000 2013,1640,2379,True,10222,3209,1,1,0,False,donation_needs_or_offers_or_volunteering_services,1,0,Tablet,True,1687
382820462830424064,Wed Sep 25 10:54:45 +0000 2013,293,430,False,1739,2676,2,0,0,False,donation_needs_or_offers_or_volunteering_services,1,1,MobileApp,False,1687
382820554186981376,Wed Sep 25 10:55:07 +0000 2013,59620,4088,True,30569,2320,1,0,1,True,not_related_or_irrelevant,1,0,UnofficialApps,False,1709
382820878464983040,Wed Sep 25 10:56:24 +0000 2013,14586,855,True,79227,3122,2,1,0,False,not_related_or_irrelevant,12,4,TweetDeck,False,1786
382820883040960512,Wed Sep 25 10:56:25 +0000 2013,6344,6187,False,5210,1753,3,0,0,False,donation_needs_or_offers_or_volunteering_services,0,0,Client Web,False,1787
382820885280747520,Wed Sep 25 10:56:26 +0000 2013,4608,2641,True,145816,2095,2,0,1,False,donation_needs_or_offers_or_volunteering_services,0,0,Twitterfeed,False,1788
382820886296145920,Wed Sep 25 10:56:26 +0000 2013,2480,55,True,12015,2520,4,0,1,False,donation_needs_or_offers_or_volunteering_services,0,0,Facebook,False,1788
382820893656764416,Wed Sep 25 10:56:28 +0000 2013,326,377,True,20614,2562,1,0,0,False,not_related_or_irrelevant,0,0,Client Web,False,1790
382820963861004288,Wed Sep 25 10:56:44 +0000 2013,7078,237,True,6955,2308,2,2,0,False,not_related_or_irrelevant,12,0,Client Web,True,1806
382820983347761152,Wed Sep 25 10:56:49 +0000 2013,78,32,False,4806,3164,2,2,0,False,donation_needs_or_offers_or_volunteering_services,4,0,Client Web,True,1811
382821091774705666,Wed Sep 25 10:57:15 +0000 2013,490,773,True,15003,3374,3,1,1,False,donation_needs_or_offers_or_volunteering_services,2,0,TweetDeck,True,1837
382821133973991424,Wed Sep 25 10:57:25 +0000 2013,4264,514,True,24960,3396,3,0,1,False,sympathy_and_emotional_support,0,0,TweetDeck,False,1847
382821174960717825,Wed Sep 25 10:57:35 +0000 2013,36031,674,True,153516,3517,2,1,0,False,donation_needs_or_offers_or_volunteering_services,4,0,MobileApp,False,1857
382821205574946816,Wed Sep 25 10:57:42 +0000 2013,219,395,True,1831,2260,1,0,0,False,donation_needs_or_offers_or_volunteering_services,0,0,MobileWeb,False,1864
382821252731109377,Wed Sep 25 10:57:53 +0000 2013,4128,629,False,7581,1752,2,0,0,False,sympathy_and_emotional_support,3,0,Client Web,False,1875
382821327062589440,Wed Sep 25 10:58:11 +0000 2013,1608,114,False,17938,2132,3,0,0,False,donation_needs_or_offers_or_volunteering_services,9,0,Client Web,False,1893
382821366077992960,Wed Sep 25 10:58:20 +0000 2013,2145,1276,True,23051,2071,2,1,0,False,donation_needs_or_offers_or_volunteering_services,2,0,MobileApp,True,1902
382821401637695488,Wed Sep 25 10:58:29 +0000 2013,649,743,False,42960,3178,2,1,0,False,sympathy_and_emotional_support,3,0,MobileApp,True,1911
382821410076639232,Wed Sep 25 10:58:31 +0000 2013,341,777,True,18106,1932,2,0,0,False,donation_needs_or_offers_or_volunteering_services,0,0,OtherSite,False,1913
382821473083064320,Wed Sep 25 10:58:46 +0000 2013,17362,15642,True,13847,2927,5,0,0,False,donation_needs_or_offers_or_volunteering_services,0,0,Client Web,False,1928
382821502250270720,Wed Sep 25 10:58:53 +0000 2013,7662,1039,True,15692,2202,2,0,0,False,not_related_or_irrelevant,3,0,TweetDeck,False,1935
382821753694990336,Wed Sep 25 10:59:53 +0000 2013,707,526,True,5967,1722,4,0,0,False,sympathy_and_emotional_support,0,0,MobileApp,False,1995
382821812012216320,Wed Sep 25 11:00:07 +0000 2013,503,323,False,1964,3357,4,1,0,False,not_related_or_irrelevant,3,0,Client Web,True,2009
382822064878800896,Wed Sep 25 11:01:07 +0000 2013,426,228,True,21839,1719,3,0,0,False,not_related_or_irrelevant,0,0,MobileWeb,False,2069
382822075297058816,Wed Sep 25 11:01:09 +0000 2013,14957,0,True,262638,1846,2,0,1,False,not_related_or_irrelevant,0,0,OtherSite,False,2071
382822142481825792,Wed Sep 25 11:01:25 +0000 2013,1002,275,False,79148,2794,0,1,0,False,not_related_or_irrelevant,3,0,MobileApp,True,2087
382822163742330881,Wed Sep 25 11:01:30 +0000 2013,15779,521,True,18670,2647,2,2,0,False,donation_needs_or_offers_or_volunteering_services,20,0,TweetDeck,True,2092
382822179752394752,Wed Sep 25 11:01:34 +0000 2013,11449,10076,True,158464,2652,2,1,1,False,donation_needs_or_offers_or_volunteering_services,0,0,Tablet,False,2096
382822265273843712,Wed Sep 25 11:01:55 +0000 2013,1263,2021,True,17305,2134,1,0,1,False,not_related_or_irrelevant,0,0,Developer,False,2117
382822283267428353,Wed Sep 25 11:01:59 +0000 2013,225,267,True,6198,3353,1,2,0,False,donation_needs_or_offers_or_volunteering_services,0,0,Client Web,False,2121
382822305250148352,Wed Sep 25 11:02:04 +0000 2013,94,161,False,1723,2613,3,0,0,False,donation_needs_or_offers_or_volunteering_services,0,0,OtherSite,False,2126
382822312401063936,Wed Sep 25 11:02:06 +0000 2013,50585,2142,True,29726,3319,1,2,0,True,not_related_or_irrelevant,71,0,TweetDeck,True,2128
382822317627150336,Wed Sep 25 11:02:07 +0000 2013,13831,235,False,363545,2427,2,0,1,False,donation_needs_or_offers_or_volunteering_services,0,0,Twitterfeed,False,2129
382822351655546881,Wed Sep 25 11:02:15 +0000 2013,1388,684,True,36796,2714,5,0,1,False,donation_needs_or_offers_or_volunteering_services,1,0,MobileApp,False,2137
382822369699840000,Wed Sep 25 11:02:20 +0000 2013,93,0,False,42059,1775,1,0,1,False,not_related_or_irrelevant,0,0,OtherSite,False,2142
382822369766961152,Wed Sep 25 11:02:20 +0000 2013,152762,801,True,91212,2196,1,1,0,True,sympathy_and_emotional_support,3,2,MobileApp,False,2142
382822442785599488,Wed Sep 25 11:02:37 +0000 2013,108452,942,True,42908,3027,4,0,1,True,not_related_or_irrelevant,14,2,MobileApp,False,2159
382822450658308096,Wed Sep 25 11:02:39 +0000 2013,4148,721,True,49080,2046,1,3,0,False,not_related_or_irrelevant,1,0,TweetDeck,False,2161
382822497021734913,Wed Sep 25 11:02:50 +0000 2013,1175,428,True,56285,2346,3,0,1,False,not_related_or_irrelevant,0,0,Client Web,False,2172
382822566240350208,Wed Sep 25 11:03:06 +0000 2013,1175,428,True,56285,2346,2,0,0,False,not_related_or_irrelevant,0,0,Client Web,False,2188
382822699833102336,Wed Sep 25 11:03:38 +0000 2013,970,4,True,153402,3330,2,0,1,False,donation_needs_or_offers_or_volunteering_services,0,0,Twitterfeed,False,2220
382822728778006529,Wed Sep 25 11:03:45 +0000 2013,5117,434,False,39582,2530,4,1,0,False,not_related_or_irrelevant,4,0,Client Web,True,2227
382822764786089984,Wed Sep 25 11:03:54 +0000 2013,8865,317,False,204815,3059,1,2,0,False,donation_needs_or_offers_or_volunteering_services,71,0,Client Web,True,2236
382822840338489344,Wed Sep 25 11:04:12 +0000 2013,571,378,False,14976,2768,2,1,0,False,donation_needs_or_offers_or_volunteering_services,3,0,MobileApp,True,2254
382822886056001536,Wed Sep 25 11:04:23 +0000 2013,5117,434,False,39582,2530,2,1,0,False,donation_needs_or_offers_or_volunteering_services,3,0,Client Web,True,2265
382822886446096384,Wed Sep 25 11:04:23 +0000 2013,578,1332,True,6100,2596,1,0,0,False,donation_needs_or_offers_or_volunteering_services,0,0,Client Web,False,2265
382822927441215488,Wed Sep 25 11:04:33 +0000 2013,3277,266,True,4124,2203,2,0,0,False,donation_needs_or_offers_or_volunteering_services,1,0,Client Web,False,2275
382822929647808512,Wed Sep 25 11:04:33 +0000 2013,5549,374,True,41213,2062,5,1,0,False,sympathy_and_emotional_support,2,0,MobileApp,True,2275
382822978402385921,Wed Sep 25 11:04:45 +0000 2013,8071,655,True,45889,2477,3,1,0,False,not_related_or_irrelevant,3,0,MobileApp,True,2287
382823011025297408,Wed Sep 25 11:04:53 +0000 2013,1313,1958,True,48468,2489,1,1,0,False,not_related_or_irrelevant,2,0,Client Web,True,2295
382823025717940224,Wed Sep 25 11:04:56 +0000 2013,23,172,False,727,2958,3,0,0,False,not_related_or_irrelevant,0,0,Client Web,False,2298
382823078025519104,Wed Sep 25 11:05:08 +0000 2013,8071,655,True,45889,2477,1,2,0,False,not_related_or_irrelevant,3,0,MobileApp,True,2310
382823099097300993,Wed Sep 25 11:05:13 +0000 2013,43313,5,False,40261,2045,1,0,1,False,not_related_or_irrelevant,0,0,OtherSite,False,2315
382823165795508224,Wed Sep 25 11:05:29 +0000 2013,8048,427,True,12232,2575,2,2,1,True,not_related_or_irrelevant,2,0,OtherSite,False,2331
382823169301544960,Wed Sep 25 11:05:30 +0000 2013,605,471,False,11865,2998,1,0,0,False,sympathy_and_emotional_support,0,0,Client Web,False,2332
382823181104742401,Wed Sep 25 11:05:33 +0000 2013,222,740,False,15118,3316,6,1,0,False,donation_needs_or_offers_or_volunteering_services,12,0,MobileApp,True,2335
382823233105297408,Wed Sep 25 11:05:45 +0000 2013,1343,914,True,93876,2165,4,1,1,False,donation_needs_or_offers_or_volunteering_services,14,0,TweetDeck,True,2347
382823277200015360,Wed Sep 25 11:05:56 +0000 2013,1070,1783,True,18430,2440,1,0,0,False,donation_needs_or_offers_or_volunteering_services,0,0,MobileApp,False,2358
382823308858642432,Wed Sep 25 11:06:04 +0000 2013,6749,4052,True,16744,3266,2,1,1,False,not_related_or_irrelevant,16,0,MobileApp,True,2366
382823313489559552,Wed Sep 25 11:06:05 +0000 2013,58,304,True,1324,1880,2,1,1,False,donation_needs_or_offers_or_volunteering_services,7,0,MobileApp,True,2367
382823434939404290,Wed Sep 25 11:06:34 +0000 2013,338,215,False,6250,1862,3,1,0,False,donation_needs_or_offers_or_volunteering_services,0,1,MobileWeb,False,2396
382823448646807552,Wed Sep 25 11:06:37 +0000 2013,8071,655,True,45889,2477,3,1,0,False,donation_needs_or_offers_or_volunteering_services,4,0,MobileApp,True,2399
382823472813969408,Wed Sep 25 11:06:43 +0000 2013,23830,84,False,8112,2194,1,1,0,False,not_related_or_irrelevant,6,0,Client Web,True,2405
382823598962257920,Wed Sep 25 11:07:13 +0000 2013,306,14,True,27652,1970,2,0,1,False,donation_needs_or_offers_or_volunteering_services,0,0,Facebook,False,2435
382823613922947072,Wed Sep 25 11:07:16 +0000 2013,15779,521,True,18670,2647,3,0,0,False,donation_needs_or_offers_or_volunteering_services,4,0,Client Web,False,2438
382823723872833536,Wed Sep 25 11:07:42 +0000 2013,1032,160,False,26592,2445,2,1,0,False,donation_needs_or_offers_or_volunteering_services,8,0,MobileApp,True,2464
382823780910788608,Wed Sep 25 11:07:56 +0000 2013,153,4455,False,170520,1810,2,0,0,False,donation_needs_or_offers_or_volunteering_services,1,0,Client Web,False,2478
382823822929301504,Wed Sep 25 11:08:06 +0000 2013,1175,428,True,56285,2346,2,0,0,False,not_related_or_irrelevant,0,0,Client Web,False,2488
382823898813059072,Wed Sep 25 11:08:24 +0000 2013,365,413,False,3416,2346,2,0,0,False,not_related_or_irrelevant,7,1,MobileApp,False,2506
382823900356550657,Wed Sep 25 11:08:25 +0000 2013,52780,257,False,5313,2316,2,2,0,False,not_related_or_irrelevant,2,0,MobileApp,True,2507
382823928952938496,Wed Sep 25 11:08:31 +0000 2013,306,532,False,2039,2390,3,0,1,False,sympathy_and_emotional_support,0,0,Client Web,False,2513
382823943276462080,Wed Sep 25 11:08:35 +0000 2013,938,1963,True,462,1915,5,0,1,False,donation_needs_or_offers_or_volunteering_services,0,1,Developer,False,2517
382823952776560640,Wed Sep 25 11:08:37 +0000 2013,153,4455,False,170520,1810,2,0,0,False,not_related_or_irrelevant,1,0,Client Web,False,2519
382824038814322688,Wed Sep 25 11:08:58 +0000 2013,1112,932,True,8539,3088,5,0,1,False,donation_needs_or_offers_or_volunteering_services,1,0,Client Web,False,2540
382824091087953920,Wed Sep 25 11:09:10 +0000 2013,275,207,True,19166,2317,1,1,0,False,not_related_or_irrelevant,3,0,MobileApp,True,2552
382824100538109952,Wed Sep 25 11:09:12 +0000 2013,5497,269,True,14036,3271,4,0,1,True,not_related_or_irrelevant,0,0,MobileApp,False,2554
382824143483199488,Wed Sep 25 11:09:23 +0000 2013,3189,843,False,18575,1902,3,1,0,False,donation_needs_or_offers_or_volunteering_services,1,0,Client Web,True,2565
382824236785467392,Wed Sep 25 11:09:45 +0000 2013,1175,428,True,56285,2346,3,1,0,False,sympathy_and_emotional_support,1,0,Client Web,True,2587
382824308478709761,Wed Sep 25 11:10:02 +0000 2013,89655,431,False,99190,2237,4,1,0,False,donation_needs_or_offers_or_volunteering_services,10,3,Client Web,False,2604
382824310865657856,Wed Sep 25 11:10:02 +0000 2013,707,526,True,5967,1722,1,1,0,False,donation_needs_or_offers_or_volunteering_services,0,1,MobileApp,False,2604
382824366134018048,Wed Sep 25 11:10:16 +0000 2013,571,378,False,14976,2768,4,0,0,False,donation_needs_or_offers_or_volunteering_services,0,0,MobileApp,False,2618
382824447696453632,Wed Sep 25 11:10:35 +0000 2013,771,50,True,6863,2940,3,0,1,False,donation_needs_or_offers_or_volunteering_services,0,0,MobileApp,False,2637
382824525324619776,Wed Sep 25 11:10:54 +0000 2013,6679,2267,True,79005,2436,2,2,0,False,not_related_or_irrelevant,4,0,MobileApp,True,2656
382824528927526912,Wed Sep 25 11:10:54 +0000 2013,3236,506,True,10058,2634,1,0,0,False,donation_needs_or_offers_or_volunteering_services,2,0,MobileApp,False,2656
382824558723862528,Wed Sep 25 11:11:01 +0000 2013,7644,8377,True,40491,1990,3,0,0,False,not_related_or_irrelevant,0,0,OtherSite,False,2663
382824575886970880,Wed Sep 25 11:11:06 +0000 2013,2126,211,False,3424,2304,1,0,1,False,sympathy_and_emotional_support,0,0,Facebook,False,2668
382824592122736641,Wed Sep 25 11:11:09 +0000 2013,794,4,False,12371,2052,1,0,1,False,donation_needs_or_offers_or_volunteering_services,0,0,Developer,False,2671
382824614373498880,Wed Sep 25 11:11:15 +0000 2013,0,5,False,11,1707,1,0,1,False,not_related_or_irrelevant,0,0,Client Web,False,2677
382824699837034496,Wed Sep 25 11:11:35 +0000 2013,2280,246,True,48748,2058,3,0,0,False,not_related_or_irrelevant,0,0,MobileWeb,False,2697
382824776424644608,Wed Sep 25 11:11:53 +0000 2013,1308,680,False,74976,3026,4,0,1,False,donation_needs_or_offers_or_volunteering_services,0,0,Client Web,False,2715
382824795257057280,Wed Sep 25 11:11:58 +0000 2013,383,668,False,26745,2009,2,1,0,False,donation_needs_or_offers_or_volunteering_services,155,0,Client Web,True,2720
382824848008818688,Wed Sep 25 11:12:10 +0000 2013,51102,832,True,285485,3451,1,0,1,True,sympathy_and_emotional_support,0,0,OtherSite,False,2732
382824863750045696,Wed Sep 25 11:12:14 +0000 2013,938,1963,True,462,1915,6,1,0,False,donation_needs_or_offers_or_volunteering_services,0,1,Client Web,False,2736
382824991391113216,Wed Sep 25 11:12:45 +0000 2013,24571,4145,False,4485,3387,1,2,1,False,donation_needs_or_offers_or_volunteering_services,9,0,Client Web,True,2767
382825080499470336,Wed Sep 25 11:13:06 +0000 2013,1093,424,False,13226,2307,3,1,0,False,donation_needs_or_offers_or_volunteering_services,4,0,MobileApp,True,2788
382825135696142336,Wed Sep 25 11:13:19 +0000 2013,131,29,False,98,1824,1,2,0,False,sympathy_and_emotional_support,2,0,Client Web,False,2801
382825177324998656,Wed Sep 25 11:13:29 +0000 2013,4409,1544,True,28334,3388,1,1,1,True,donation_needs_or_offers_or_volunteering_services,1,1,TweetDeck,False,2811
382825313786662912,Wed Sep 25 11:14:02 +0000 2013,2059,982,True,17534,1912,1,0,0,False,sympathy_and_emotional_support,0,0,UnofficialApps,False,2844
382825324070719488,Wed Sep 25 11:14:04 +0000 2013,3129,677,False,59903,1956,2,0,0,False,donation_needs_or_offers_or_volunteering_services,1,0,Client Web,False,2846
382825340495609856,Wed Sep 25 11:14:08 +0000 2013,2672,328,False,9983,2203,1,0,0,False,sympathy_and_emotional_support,0,0,Client Web,False,2850
382825383713722368,Wed Sep 25 11:14:18 +0000 2013,281,151,True,51875,2076,1,2,0,False,not_related_or_irrelevant,71,0,Client Web,True,2860
382825455612854272,Wed Sep 25 11:14:35 +0000 2013,283,379,False,2010,2523,3,0,0,False,not_related_or_irrelevant,2,0,MobileApp,False,2877
382825523791282176,Wed Sep 25 11:14:52 +0000 2013,181,96,True,6510,3631,3,0,0,False,not_related_or_irrelevant,0,0,UnofficialApps,False,2894
382825639180386304,Wed Sep 25 11:15:19 +0000 2013,0,5,False,11,1707,4,0,1,False,sympathy_and_emotional_support,0,0,Client Web,False,2921
382825687913988096,Wed Sep 25 11:15:31 +0000 2013,27439,14294,True,54833,2215,2,1,0,False,donation_needs_or_offers_or_volunteering_services,3,0,Client Web,True,2933
382825697854496768,Wed Sep 25 11:15:33 +0000 2013,12774,116,False,4817,2477,0,3,0,False,not_related_or_irrelevant,2,0,Client Web,True,2935
382825785469308928,Wed Sep 25 11:15:54 +0000 2013,2645,4,False,67671,2420,1,0,1,False,not_related_or_irrelevant,0,0,Twitterfeed,False,2956
382825894504443904,Wed Sep 25 11:16:20 +0000 2013,11303200,508,False,385191,2962,1,0,1,True,not_related_or_irrelevant,5,1,Developer,False,2982
382825898506203136,Wed Sep 25 11:16:21 +0000 2013,8048,427,True,12232,2575,2,0,1,True,not_related_or_irrelevant,1,0,OtherSite,False,2983
382825906336583680,Wed Sep 25 11:16:23 +0000 2013,3700,687,False,15661,2295,5,0,0,False,donation_needs_or_offers_or_volunteering_services,4,0,TweetDeck,False,2985
382825926566109184,Wed Sep 25 11:16:28 +0000 2013,80,34,False,11014,2405,6,1,0,False,not_related_or_irrelevant,1,0,UnofficialApps,True,2990
382825931930230785,Wed Sep 25 11:16:29 +0000 2013,1342,2577,True,5916,3341,1,0,1,False,sympathy_and_emotional_support,0,0,Developer,False,2991
382825934111252481,Wed Sep 25 11:16:29 +0000 2013,627549,322,False,138632,2667,5,0,1,True,not_related_or_irrelevant,7,0,Developer,False,2991
382826003959017473,Wed Sep 25 11:16:46 +0000 2013,6835,190,True,92499,1923,1,1,0,False,not_related_or_irrelevant,2,0,Client Web,True,3008
382826047722364928,Wed Sep 25 11:16:57 +0000 2013,601,208,False,9428,2019,2,1,1,False,donation_needs_or_offers_or_volunteering_services,1,0,MobileApp,True,3019
382826087194968064,Wed Sep 25 11:17:06 +0000 2013,4478,1518,False,347458,3164,1,0,1,False,donation_needs_or_offers_or_volunteering_services,1,0,Client Web,False,3028
382826107398930432,Wed Sep 25 11:17:11 +0000 2013,661,561,True,28541,3010,2,1,1,False,sympathy_and_emotional_support,4,0,Client Web,True,3033
382826124117831680,Wed Sep 25 11:17:15 +0000 2013,11845,2218,False,13840,3051,1,1,1,True,not_related_or_irrelevant,0,0,TweetDeck,False,3037
382826142472105984,Wed Sep 25 11:17:19 +0000 2013,2223,1464,True,6394,3549,1,1,1,False,donation_needs_or_offers_or_volunteering_services,0,0,TweetDeck,False,3041
382826242409377792,Wed Sep 25 11:17:43 +0000 2013,1342,2577,True,5916,3341,1,1,1,False,not_related_or_irrelevant,0,0,Developer,False,3065
382826257169514496,Wed Sep 25 11:17:46 +0000 2013,4305,1795,True,27426,2369,1,1,2,False,donation_needs_or_offers_or_volunteering_services,0,0,TweetDeck,False,3068
382826273128460289,Wed Sep 25 11:17:50 +0000 2013,1851,1837,True,33931,2095,5,1,0,False,donation_needs_or_offers_or_volunteering_services,1,1,Client Web,False,3072
382826282750578688,Wed Sep 25 11:17:53 +0000 2013,2280,246,True,48748,2058,2,0,0,False,not_related_or_irrelevant,3,0,MobileWeb,False,3075
382826435477389312,Wed Sep 25 11:18:29 +0000 2013,368,423,False,47765,2817,5,0,1,False,donation_needs_or_offers_or_volunteering_services,0,0,OtherSite,False,3111
382826467203104770,Wed Sep 25 11:18:37 +0000 2013,1274394,77,True,245209,3076,4,0,0,True,not_related_or_irrelevant,6,0,Client Web,False,3119
382826490271768576,Wed Sep 25 11:18:42 +0000 2013,1637,1794,True,5942,2685,2,1,1,False,not_related_or_irrelevant,0,0,Tablet,False,3124
382826615442382848,Wed Sep 25 11:19:12 +0000 2013,1960,430,False,26631,1896,5,0,0,False,donation_needs_or_offers_or_volunteering_services,0,0,Client Web,False,3154
382826683109498880,Wed Sep 25 11:19:28 +0000 2013,1129,2494,False,28811,2492,1,1,0,False,donation_needs_or_offers_or_volunteering_services,0,0,MobileApp,False,3170
382826735747989505,Wed Sep 25 11:19:41 +0000 2013,3842,659,True,33131,1841,4,1,0,False,not_related_or_irrelevant,4,0,MobileApp,True,3183
382826768362528769,Wed Sep 25 11:19:48 +0000 2013,5249,418,False,6636,2448,1,0,1,False,not_related_or_irrelevant,0,0,Developer,False,3190
382826794182656000,Wed Sep 25 11:19:54 +0000 2013,1624,1551,True,287738,1776,1,1,1,False,not_related_or_irrelevant,4,0,Client Web,True,3196
382826800860385280,Wed Sep 25 11:19:56 +0000 2013,332,238,True,21355,2631,5,0,0,False,sympathy_and_emotional_support,0,0,MobileApp,False,3198
382826802516746240,Wed Sep 25 11:19:56 +0000 2013,755,1798,True,13604,3212,2,1,0,False,donation_needs_or_offers_or_volunteering_services,7,0,Client Web,True,3198
382826874810150912,Wed Sep 25 11:20:14 +0000 2013,542,437,True,11226,2548,2,3,1,False,donation_needs_or_offers_or_volunteering_services,2,0,MobileApp,True,3216
382826887967285248,Wed Sep 25 11:20:17 +0000 2013,30692,2124,False,109494,3421,2,0,0,True,sympathy_and_emotional_support,6,2,MobileApp,False,3219
382826945139843072,Wed Sep 25 11:20:30 +0000 2013,1543,1188,True,8125,2400,0,1,0,False,not_related_or_irrelevant,342,0,MobileApp,True,3232
382826953985634306,Wed Sep 25 11:20:33 +0000 2013,2713,556,True,29635,3190,2,1,0,False,donation_needs_or_offers_or_volunteering_services,6,0,TweetDeck,True,3235
382827047674208256,Wed Sep 25 11:20:55 +0000 2013,2864,836,True,13868,2596,4,0,1,False,not_related_or_irrelevant,4,0,MobileApp,True,3257
382827132658782209,Wed Sep 25 11:21:15 +0000 2013,13831,235,False,363545,2427,2,0,1,False,sympathy_and_emotional_support,0,0,Twitterfeed,False,3277
382827149977079808,Wed Sep 25 11:21:19 +0000 2013,1175,428,True,56285,2346,4,0,0,False,donation_needs_or_offers_or_volunteering_services,0,0,Client Web,False,3281
382827173603590144,Wed Sep 25 11:21:25 +0000 2013,4249,824,True,45878,3135,2,0,0,False,not_related_or_irrelevant,0,0,Client Web,False,3287
382827180725899264,Wed Sep 25 11:21:27 +0000 2013,49207,1035,False,35974,3787,1,1,1,True,sympathy_and_emotional_support,1,0,OtherSite,False,3289
382827194818363394,Wed Sep 25 11:21:30 +0000 2013,3025,4052,True,153724,3104,1,1,1,False,not_related_or_irrelevant,40,0,MobileApp,True,3292
382827234610139136,Wed Sep 25 11:21:39 +0000 2013,3842,659,True,33131,1841,1,1,0,False,not_related_or_irrelevant,1,0,MobileApp,True,3301
382827245951131649,Wed Sep 25 11:21:42 +0000 2013,5616,1363,True,87999,2256,4,4,0,False,not_related_or_irrelevant,1,0,Client Web,False,3304
382827303111499776,Wed Sep 25 11:21:56 +0000 2013,7424,247,False,84101,2852,3,1,0,False,not_related_or_irrelevant,8,0,MobileApp,True,3318
382827320894955521,Wed Sep 25 11:22:00 +0000 2013,1911,46,False,36958,1729,2,0,1,False,not_related_or_irrelevant,0,0,Twitterfeed,False,3322
382827348887748608,Wed Sep 25 11:22:07 +0000 2013,235,267,True,1901,2170,2,0,0,False,sympathy_and_emotional_support,0,0,Client Web,False,3329
382827352821993472,Wed Sep 25 11:22:08 +0000 2013,2092,631,False,25286,2205,3,1,0,False,donation_needs_or_offers_or_volunteering_services,9,0,UnofficialApps,True,3330
382827360061362177,Wed Sep 25 11:22:09 +0000 2013,1095,1062,True,13825,2016,3,1,0,False,donation_needs_or_offers_or_volunteering_services,0,0,Client Web,False,3331
382827386322292736,Wed Sep 25 11:22:16 +0000 2013,695,11,False,22864,1745,3,1,1,False,not_related_or_irrelevant,1,0,OtherSite,True,3338
382827402876825600,Wed Sep 25 11:22:20 +0000 2013,1299,1489,False,36471,2606,7,0,1,False,donation_needs_or_offers_or_volunteering_services,0,0,Client Web,False,3342
382827484191801344,Wed Sep 25 11:22:39 +0000 2013,23430,10443,True,36631,3143,2,1,1,False,donation_needs_or_offers_or_volunteering_services,1,0,MobileApp,False,3361
382827495055450113,Wed Sep 25 11:22:42 +0000 2013,518,426,False,136376,1773,4,0,1,False,donation_needs_or_offers_or_volunteering_services,4,0,OtherSite,True,3364
382827530350501888,Wed Sep 25 11:22:50 +0000 2013,993,281,True,4423,2555,2,1,1,False,donation_needs_or_offers_or_volunteering_services,12,0,MobileApp,True,3372
382827549707223040,Wed Sep 25 11:22:55 +0000 2013,1580,149,True,8366,2595,2,0,1,False,not_related_or_irrelevant,1,0,Facebook,False,3377
382827563091243008,Wed Sep 25 11:22:58 +0000 2013,13268,570,True,12621,2906,0,3,0,False,sympathy_and_emotional_support,2,0,MobileApp,True,3380
382827577288577024,Wed Sep 25 11:23:01 +0000 2013,14957,0,True,262638,1846,2,0,1,False,not_related_or_irrelevant,0,0,OtherSite,False,3383
382827587334307840,Wed Sep 25 11:23:04 +0000 2013,2423,149,True,4405,2992,1,3,1,False,sympathy_and_emotional_support,0,0,MobileApp,False,3386
382827625837625344,Wed Sep 25 11:23:13 +0000 2013,217131,7675,False,10069,3107,2,0,0,True,not_related_or_irrelevant,32,0,Client Web,False,3395
382827662109986816,Wed Sep 25 11:23:21 +0000 2013,9332,440,True,34573,2762,7,0,0,True,donation_needs_or_offers_or_volunteering_services,3,0,Client Web,False,3403
382827665889038336,Wed Sep 25 11:23:22 +0000 2013,497,331,True,73677,2807,1,1,1,False,not_related_or_irrelevant,40,0,TweetDeck,True,3404
382827729357651968,Wed Sep 25 11:23:37 +0000 2013,5549,374,True,41213,2062,3,1,0,False,not_related_or_irrelevant,171,0,MobileWeb,True,3419
382827806888968192,Wed Sep 25 11:23:56 +0000 2013,88,107,False,21,1749,3,1,0,False,sympathy_and_emotional_support,1,0,Client Web,True,3438
382827810764509184,Wed Sep 25 11:23:57 +0000 2013,231,594,False,10531,2276,4,0,1,False,donation_needs_or_offers_or_volunteering_services,0,0,Client Web,False,3439
382827824026890240,Wed Sep 25 11:24:00 +0000 2013,3342,4868,False,119470,2436,1,2,0,False,donation_needs_or_offers_or_volunteering_services,1,0,Client Web,True,3442
382827838987976704,Wed Sep 25 11:24:04 +0000 2013,2389,624,True,25645,2738,6,1,0,False,sympathy_and_emotional_support,3,0,Client Web,True,3446
382827850664902656,Wed Sep 25 11:24:06 +0000 2013,2768,591,False,137138,2634,1,0,1,False,donation_needs_or_offers_or_volunteering_services,0,0,Twitterfeed,False,3448
382827851910619136,Wed Sep 25 11:24:07 +0000 2013,2768,591,False,137138,2634,1,0,1,False,sympathy_and_emotional_support,0,0,Twitterfeed,False,3449
382827910098591744,Wed Sep 25 11:24:21 +0000 2013,19550,79,True,177112,2931,4,1,0,False,not_related_or_irrelevant,0,0,MobileApp,False,3463
382827965064937472,Wed Sep 25 11:24:34 +0000 2013,10695,436,False,92656,3103,2,0,0,False,donation_needs_or_offers_or_volunteering_services,0,1,OtherSite,False,3476
382827978251456514,Wed Sep 25 11:24:37 +0000 2013,368,423,False,47765,2817,6,0,1,False,donation_needs_or_offers_or_volunteering_services,0,0,OtherSite,False,3479
382827984186789888,Wed Sep 25 11:24:38 +0000 2013,247,5,True,10349,2312,5,1,0,False,not_related_or_irrelevant,1,0,OtherSite,True,3480
382827990163656704,Wed Sep 25 11:24:40 +0000 2013,688,381,True,41154,2536,1,0,0,False,sympathy_and_emotional_support,0,0,MobileApp,False,3482
382827991710965760,Wed Sep 25 11:24:40 +0000 2013,933,2108,True,20232,3341,1,1,1,False,not_related_or_irrelevant,40,0,MobileApp,True,3482
382828003946160128,Wed Sep 25 11:24:43 +0000 2013,1194,868,False,2157,3588,1,1,1,False,donation_needs_or_offers_or_volunteering_services,2,0,UnofficialApps,False,3485
382828011680059393,Wed Sep 25 11:24:45 +0000 2013,1492,859,False,9998,3279,3,1,1,True,not_related_or_irrelevant,3,0,Client Web,True,3487
382828023872909312,Wed Sep 25 11:24:48 +0000 2013,1299,1489,False,36471,2606,8,0,1,False,not_related_or_irrelevant,0,0,Client Web,False,3490
382828070735855617,Wed Sep 25 11:24:59 +0000 2013,6852,415,False,27653,1885,2,0,1,False,not_related_or_irrelevant,0,0,Client Web,False,3501
382828083020980224,Wed Sep 25 11:25:02 +0000 2013,217131,7675,False,10069,3107,1,0,0,True,not_related_or_irrelevant,23,3,Client Web,False,3504
382828104575508480,Wed Sep 25 11:25:07 +0000 2013,3236,506,True,10058,2634,2,0,0,False,sympathy_and_emotional_support,1,0,MobileApp,False,3509
382828117393289216,Wed Sep 25 11:25:10 +0000 2013,5663,0,False,279783,2984,6,0,0,False,not_related_or_irrelevant,1,0,OtherSite,False,3512
382828189266874368,Wed Sep 25 11:25:27 +0000 2013,1858,1325,False,1792,2492,5,0,0,False,not_related_or_irrelevant,1,0,Client Web,False,3529
382828205587308544,Wed Sep 25 11:25:31 +0000 2013,2087,690,False,35842,3176,2,1,0,False,donation_needs_or_offers_or_volunteering_services,32,0,Tablet,True,3533
382828211123388416,Wed Sep 25 11:25:32 +0000 2013,556,766,True,46969,3129,6,1,0,False,not_related_or_irrelevant,0,0,MobileApp,False,3534
382828214147874816,Wed Sep 25 11:25:33 +0000 2013,2196,593,False,69815,2926,1,1,1,False,not_related_or_irrelevant,0,0,TweetDeck,False,3535
382828215334477824,Wed Sep 25 11:25:33 +0000 2013,164,272,True,1180,1949,2,0,1,False,sympathy_and_emotional_support,0,0,Client Web,False,3535
382828219730124801,Wed Sep 25 11:25:34 +0000 2013,823,805,True,49444,2848,2,1,1,False,sympathy_and_emotional_support,12,0,Client Web,True,3536
382828233550331905,Wed Sep 25 11:25:38 +0000 2013,593,321,False,9410,2532,2,2,0,False,not_related_or_irrelevant,4,0,Client Web,True,3540
382828258284564480,Wed Sep 25 11:25:44 +0000 2013,1082,1643,True,6753,2228,1,1,0,False,donation_needs_or_offers_or_volunteering_services,23,0,MobileApp,True,3546
382828262092587008,Wed Sep 25 11:25:44 +0000 2013,1969,253,False,30007,1960,2,1,0,False,donation_needs_or_offers_or_volunteering_services,155,0,TweetDeck,True,3546
382828265695477760,Wed Sep 25 11:25:45 +0000 2013,121,107,False,5700,1709,2,1,0,False,donation_needs_or_offers_or_volunteering_services,155,0,TweetDeck,True,3547
382828265850671104,Wed Sep 25 11:25:45 +0000 2013,61,111,False,4405,1709,2,1,0,False,not_related_or_irrelevant,155,0,TweetDeck,True,3547
382828266148466688,Wed Sep 25 11:25:45 +0000 2013,80,110,False,4252,1708,2,1,0,False,donation_needs_or_offers_or_volunteering_services,155,0,TweetDeck,True,3547
382828266379169792,Wed Sep 25 11:25:45 +0000 2013,147,110,False,4267,1709,2,1,0,False,donation_needs_or_offers_or_volunteering_services,155,0,TweetDeck,True,3547
382828350878011392,Wed Sep 25 11:26:06 +0000 2013,351,1869,True,3611,3004,3,1,0,False,donation_needs_or_offers_or_volunteering_services,1,0,MobileApp,True,3568
382828364740165632,Wed Sep 25 11:26:09 +0000 2013,1240,1503,True,143372,2525,1,1,0,False,sympathy_and_emotional_support,23,0,MobileApp,True,3571
382828369567428608,Wed Sep 25 11:26:10 +0000 2013,6486,2402,True,113835,3237,8,0,0,False,not_related_or_irrelevant,0,0,Client Web,False,3572
382828373766328320,Wed Sep 25 11:26:11 +0000 2013,11206,1861,True,71361,3571,1,0,0,True,donation_needs_or_offers_or_volunteering_services,1,0,MobileApp,False,3573
382828475801169920,Wed Sep 25 11:26:35 +0000 2013,299,6,False,36620,1739,2,1,0,False,not_related_or_irrelevant,5,0,OtherSite,True,3597
382828524454690816,Wed Sep 25 11:26:47 +0000 2013,6091,1115,True,7276,2484,4,1,1,False,donation_needs_or_offers_or_volunteering_services,1,0,Client Web,False,3609
382828529601089536,Wed Sep 25 11:26:48 +0000 2013,10765,81,True,31506,2207,3,1,0,False,not_related_or_irrelevant,4,0,Client Web,True,3610
382828545116241920,Wed Sep 25 11:26:52 +0000 2013,29,34,False,4162,1907,1,1,0,False,not_related_or_irrelevant,23,0,MobileApp,True,3614
382828577626267648,Wed Sep 25 11:27:00 +0000 2013,3,21,False,246,1830,1,2,0,False,not_related_or_irrelevant,1,0,MobileApp,True,3622
382828593929142272,Wed Sep 25 11:27:04 +0000 2013,116,801,False,10142,2325,2,1,0,False,not_related_or_irrelevant,32,0,Client Web,True,3626
382828657154093056,Wed Sep 25 11:27:19 +0000 2013,3378,1,False,81828,2734,1,0,1,False,donation_needs_or_offers_or_volunteering_services,0,0,Twitterfeed,False,3641
382828744161124352,Wed Sep 25 11:27:39 +0000 2013,286,553,False,66874,2216,10,0,1,False,not_related_or_irrelevant,0,0,Facebook,False,3661
382828785923805184,Wed Sep 25 11:27:49 +0000 2013,542,437,True,11226,2548,1,1,1,False,not_related_or_irrelevant,1,0,MobileApp,True,3671
382828821705400320,Wed Sep 25 11:27:58 +0000 2013,727,92,True,24792,1926,1,1,0,False,not_related_or_irrelevant,23,0,MobileApp,True,3680
382828825387618305,Wed Sep 25 11:27:59 +0000 2013,443,832,True,962,3780,1,0,1,False,donation_needs_or_offers_or_volunteering_services,0,0,MobileApp,False,3681
382828967738482688,Wed Sep 25 11:28:33 +0000 2013,1152,536,True,12712,3359,3,1,0,False,not_related_or_irrelevant,29,0,MobileApp,True,3715
382828997010526208,Wed Sep 25 11:28:40 +0000 2013,85,560,True,5292,2452,1,1,0,False,donation_needs_or_offers_or_volunteering_services,0,0,MobileApp,False,3722
382829046557454336,Wed Sep 25 11:28:51 +0000 2013,120,103,True,1060,1788,1,2,1,False,not_related_or_irrelevant,9,0,Client Web,True,3733
382829072549543937,Wed Sep 25 11:28:58 +0000 2013,2,11,False,22,2047,2,1,1,False,donation_needs_or_offers_or_volunteering_services,4,0,MobileWeb,True,3740
382829216821026818,Wed Sep 25 11:29:32 +0000 2013,1233,144,True,42232,1878,2,0,0,False,sympathy_and_emotional_support,0,0,Client Web,False,3774
382829221539639296,Wed Sep 25 11:29:33 +0000 2013,12237,855,True,58696,2982,3,0,0,False,not_related_or_irrelevant,0,2,Client Web,False,3775
382829224996139008,Wed Sep 25 11:29:34 +0000 2013,1497,373,True,51006,2253,2,1,1,False,sympathy_and_emotional_support,12,0,MobileApp,True,3776
382829230884532224,Wed Sep 25 11:29:35 +0000 2013,274,1325,False,879,2200,1,0,1,False,sympathy_and_emotional_support,0,0,Client Web,False,3777
382829291991748608,Wed Sep 25 11:29:50 +0000 2013,455,544,False,36084,3145,2,1,0,False,not_related_or_irrelevant,1,0,MobileApp,False,3792
382829292755111936,Wed Sep 25 11:29:50 +0000 2013,2031,390,True,11900,1932,0,1,0,False,not_related_or_irrelevant,5,0,MobileApp,True,3792
382829330486669312,Wed Sep 25 11:29:59 +0000 2013,826,16,False,7927,2111,2,0,1,False,not_related_or_irrelevant,0,0,Twitterfeed,False,3801
382829358987378688,Wed Sep 25 11:30:06 +0000 2013,286,553,False,66874,2216,10,0,1,False,donation_needs_or_offers_or_volunteering_services,0,0,Facebook,False,3808
382829426997592065,Wed Sep 25 11:30:22 +0000 2013,225,267,True,6198,3353,2,3,0,False,not_related_or_irrelevant,0,0,Client Web,False,3824
382829465921126400,Wed Sep 25 11:30:31 +0000 2013,378,221,False,27431,3444,3,1,1,False,donation_needs_or_offers_or_volunteering_services,3,0,OtherSite,True,3833
382829489765748737,Wed Sep 25 11:30:37 +0000 2013,286,553,False,66874,2216,10,0,1,False,donation_needs_or_offers_or_volunteering_services,0,0,Facebook,False,3839
382829540323520512,Wed Sep 25 11:30:49 +0000 2013,1576,2820,True,94759,3266,1,2,1,False,not_related_or_irrelevant,0,0,MobileApp,False,3851
382829563664793600,Wed Sep 25 11:30:55 +0000 2013,756689,134,True,345783,2988,2,0,1,True,donation_needs_or_offers_or_volunteering_services,3,0,Developer,False,3857
382829694951124993,Wed Sep 25 11:31:26 +0000 2013,1189,321,False,91319,2560,1,1,1,False,not_related_or_irrelevant,40,0,UnofficialApps,True,3888
382829706850369536,Wed Sep 25 11:31:29 +0000 2013,70,229,False,793,1747,3,0,0,False,not_related_or_irrelevant,0,0,MobileApp,False,3891
382829776387715072,Wed Sep 25 11:31:45 +0000 2013,2085,461,False,51848,3305,3,1,0,False,sympathy_and_emotional_support,17,0,MobileApp,True,3907
382829797446934528,Wed Sep 25 11:31:51 +0000 2013,2440,707,True,10554,2772,0,1,0,False,sympathy_and_emotional_support,5,0,Client Web,True,3913
382829798881759232,Wed Sep 25 11:31:51 +0000 2013,387,431,True,24951,2610,5,2,1,False,sympathy_and_emotional_support,6,0,MobileApp,True,3913
382829865608966144,Wed Sep 25 11:32:07 +0000 2013,387,431,True,24951,2610,1,1,0,False,not_related_or_irrelevant,23,0,MobileApp,True,3929
382829896479023104,Wed Sep 25 11:32:14 +0000 2013,102320,0,True,155320,2296,4,0,0,True,donation_needs_or_offers_or_volunteering_services,4,0,TweetDeck,False,3936
382829901499203584,Wed Sep 25 11:32:15 +0000 2013,787,1722,False,11955,2437,4,0,1,False,not_related_or_irrelevant,4,0,Client Web,True,3937
382829934336802816,Wed Sep 25 11:32:23 +0000 2013,292,1865,True,6330,2640,2,1,1,False,not_related_or_irrelevant,16,0,MobileApp,True,3945
382829942431813632,Wed Sep 25 11:32:25 +0000 2013,3842,659,True,33131,1841,3,1,0,False,sympathy_and_emotional_support,5,0,MobileApp,True,3947
382829951612764160,Wed Sep 25 11:32:27 +0000 2013,4892,1925,True,272279,2334,4,1,0,False,not_related_or_irrelevant,4,0,Client Web,True,3949
382829954276540416,Wed Sep 25 11:32:28 +0000 2013,7770,1197,True,6808,2463,3,1,0,False,not_related_or_irrelevant,31,0,MobileApp,True,3950
382829975134433280,Wed Sep 25 11:32:33 +0000 2013,33080,750,False,115668,2556,0,2,1,False,donation_needs_or_offers_or_volunteering_services,2,0,Client Web,True,3955
382829993727774720,Wed Sep 25 11:32:37 +0000 2013,1388,684,True,36796,2714,2,0,0,False,donation_needs_or_offers_or_volunteering_services,1,0,MobileApp,False,3959
382830045191884800,Wed Sep 25 11:32:50 +0000 2013,794,4,False,12371,2052,1,1,0,False,donation_needs_or_offers_or_volunteering_services,23,0,Client Web,True,3972
382830061809696768,Wed Sep 25 11:32:54 +0000 2013,794,4,False,12371,2052,2,1,0,False,not_related_or_irrelevant,32,0,Client Web,True,3976
382830062246305793,Wed Sep 25 11:32:54 +0000 2013,9076,339,False,25132,2535,4,1,0,False,not_related_or_irrelevant,4,0,MobileApp,True,3976
382830108761153536,Wed Sep 25 11:33:05 +0000 2013,2316,2528,False,56744,3185,1,0,1,False,not_related_or_irrelevant,1,0,OtherSite,False,3987
382830146526269440,Wed Sep 25 11:33:14 +0000 2013,3517,493,False,6504,2143,2,0,0,False,not_related_or_irrelevant,0,0,TweetDeck,False,3996
382830160757530624,Wed Sep 25 11:33:17 +0000 2013,98361,2114,True,134738,3510,3,0,1,True,not_related_or_irrelevant,1,0,OtherSite,False,3999
382830171889614848,Wed Sep 25 11:33:20 +0000 2013,415,358,False,471,1917,1,1,0,False,not_related_or_irrelevant,1,0,MobileApp,True,4002
382830191770599424,Wed Sep 25 11:33:25 +0000 2013,292,1865,True,6330,2640,2,1,0,False,not_related_or_irrelevant,3,0,MobileApp,True,4007
382830192340656128,Wed Sep 25 11:33:25 +0000 2013,232,429,False,1075,1748,1,1,1,False,not_related_or_irrelevant,5,0,Client Web,True,4007
382830219968909312,Wed Sep 25 11:33:31 +0000 2013,16867,5411,False,307659,2665,5,0,1,False,donation_needs_or_offers_or_volunteering_services,1,0,OtherSite,False,4013
382830281398681600,Wed Sep 25 11:33:46 +0000 2013,305,624,True,8212,2987,1,1,1,False,donation_needs_or_offers_or_volunteering_services,7,0,Tablet,True,4028
382830287362592768,Wed Sep 25 11:33:47 +0000 2013,184,939,True,5659,2158,1,0,0,False,donation_needs_or_offers_or_volunteering_services,0,0,Client Web,False,4029
382830320888070144,Wed Sep 25 11:33:55 +0000 2013,282,804,True,3802,3379,1,1,1,False,donation_needs_or_offers_or_volunteering_services,252,0,OtherSite,True,4037
382830364106174464,Wed Sep 25 11:34:06 +0000 2013,4571,159,False,6186,2210,2,1,1,False,donation_needs_or_offers_or_volunteering_services,0,0,UnofficialApps,False,4048
382830395236311040,Wed Sep 25 11:34:13 +0000 2013,3811,34,False,25262,2444,1,1,1,False,not_related_or_irrelevant,3,0,OtherSite,True,4055
382830413779320832,Wed Sep 25 11:34:17 +0000 2013,3303,2245,False,25098,2079,1,1,1,False,donation_needs_or_offers_or_volunteering_services,3,0,OtherSite,True,4059
382830434167439360,Wed Sep 25 11:34:22 +0000 2013,2226,161,True,2210,2866,1,1,1,False,donation_needs_or_offers_or_volunteering_services,1,0,Client Web,False,4064
382830560957063168,Wed Sep 25 11:34:53 +0000 2013,1076,1550,True,50604,2260,5,1,0,False,donation_needs_or_offers_or_volunteering_services,2,0,Client Web,True,4095
382830652967514112,Wed Sep 25 11:35:14 +0000 2013,77388,1786,False,171872,2578,2,0,0,True,not_related_or_irrelevant,1,0,Client Web,False,4116
382830690900791296,Wed Sep 25 11:35:24 +0000 2013,148,254,False,2598,2190,4,1,0,False,not_related_or_irrelevant,4,0,Client Web,True,4126
382830744076570624,Wed Sep 25 11:35:36 +0000 2013,1533,1201,False,3669,1754,3,1,1,False,donation_needs_or_offers_or_volunteering_services,13,0,MobileApp,True,4138
382830787390754816,Wed Sep 25 11:35:47 +0000 2013,1015,924,True,20546,2871,2,1,0,False,not_related_or_irrelevant,9,0,Client Web,True,4149
382830796144250880,Wed Sep 25 11:35:49 +0000 2013,5807,6376,True,25649,2518,1,1,0,False,not_related_or_irrelevant,0,0,MobileApp,False,4151
382830861798105088,Wed Sep 25 11:36:04 +0000 2013,1093,424,False,13226,2307,2,0,0,False,donation_needs_or_offers_or_volunteering_services,0,0,MobileApp,False,4166
382830862623981568,Wed Sep 25 11:36:04 +0000 2013,824,1199,True,41269,3065,2,1,0,False,not_related_or_irrelevant,9,0,MobileApp,True,4166
382830928994639872,Wed Sep 25 11:36:20 +0000 2013,153,4455,False,170520,1810,1,0,0,False,donation_needs_or_offers_or_volunteering_services,1,0,Client Web,False,4182
382830992987144192,Wed Sep 25 11:36:36 +0000 2013,443,0,False,2265,2039,3,0,1,False,donation_needs_or_offers_or_volunteering_services,1,1,Developer,False,4198
382831034381127680,Wed Sep 25 11:36:45 +0000 2013,10654,25,False,14074,2255,2,0,0,False,sympathy_and_emotional_support,1,0,MobileApp,False,4207
382831082930204673,Wed Sep 25 11:36:57 +0000 2013,4836,271,False,33143,2547,1,2,0,False,not_related_or_irrelevant,8,0,OtherSite,True,4219
382831085500911616,Wed Sep 25 11:36:58 +0000 2013,4549,2089,False,183719,3310,2,0,1,False,not_related_or_irrelevant,1,1,Client Web,False,4220
382831107940429824,Wed Sep 25 11:37:03 +0000 2013,1108,260,False,44550,2814,2,0,0,False,sympathy_and_emotional_support,0,0,MobileApp,False,4225
382831140631224320,Wed Sep 25 11:37:11 +0000 2013,685,1547,True,58950,2926,1,1,0,False,not_related_or_irrelevant,23,0,MobileApp,True,4233
382831160658640897,Wed Sep 25 11:37:16 +0000 2013,131,29,False,98,1824,3,2,0,False,donation_needs_or_offers_or_volunteering_services,1,0,Client Web,False,4238
382831192644399105,Wed Sep 25 11:37:23 +0000 2013,2701842,627,True,257775,3213,1,0,1,True,donation_needs_or_offers_or_volunteering_services,45,4,Client Web,False,4245
382831259497418752,Wed Sep 25 11:37:39 +0000 2013,153,4455,False,170520,1810,2,0,0,False,not_related_or_irrelevant,1,1,Client Web,False,4261
382831281723031553,Wed Sep 25 11:37:44 +0000 2013,41,107,True,1662,2065,1,1,1,False,donation_needs_or_offers_or_volunteering_services,0,0,Developer,False,4266
382831311955968000,Wed Sep 25 11:37:52 +0000 2013,154,89,True,5789,2968,1,1,0,False,not_related_or_irrelevant,4,0,MobileApp,True,4274
382831344222367744,Wed Sep 25 11:37:59 +0000 2013,517,331,True,20848,1817,3,1,0,False,donation_needs_or_offers_or_volunteering_services,8,0,MobileApp,True,4281
382831346109788160,Wed Sep 25 11:38:00 +0000 2013,231,594,False,10531,2276,1,1,1,False,donation_needs_or_offers_or_volunteering_services,0,0,Client Web,False,4282
382831367504920577,Wed Sep 25 11:38:05 +0000 2013,5823,2512,False,11718,2548,1,1,0,False,not_related_or_irrelevant,20,0,Client Web,True,4287
382831370684600320,Wed Sep 25 11:38:06 +0000 2013,6118,1346,True,44726,2945,2,1,0,False,not_related_or_irrelevant,153,0,MobileApp,True,4288
382831582572064768,Wed Sep 25 11:38:56 +0000 2013,561,416,False,35230,2461,1,1,1,False,not_related_or_irrelevant,45,0,Client Web,True,4338
382831594534629376,Wed Sep 25 11:38:59 +0000 2013,241,120,True,1674,2003,1,1,1,False,sympathy_and_emotional_support,45,0,MobileApp,True,4341
382831604059475968,Wed Sep 25 11:39:01 +0000 2013,2108,1990,True,31110,2746,1,1,1,False,not_related_or_irrelevant,45,0,Client Web,True,4343
382831622136950785,Wed Sep 25 11:39:06 +0000 2013,23430,10443,True,36631,3143,1,1,1,False,donation_needs_or_offers_or_volunteering_services,45,0,MobileApp,True,4348
382831653888208896,Wed Sep 25 11:39:13 +0000 2013,24846,943,False,11631,3146,1,2,0,False,not_related_or_irrelevant,3,0,MobileApp,False,4355
382831682296233984,Wed Sep 25 11:39:20 +0000 2013,194,234,True,832,2040,0,1,0,False,not_related_or_irrelevant,1,0,MobileApp,True,4362
382831701464195072,Wed Sep 25 11:39:24 +0000 2013,1099629,540,False,105766,3420,1,0,0,True,donation_needs_or_offers_or_volunteering_services,17,1,UnofficialApps,False,4366
382831701874860032,Wed Sep 25 11:39:25 +0000 2013,8216,33,False,12286,2470,2,0,1,False,donation_needs_or_offers_or_volunteering_services,0,1,Client Web,False,4367
382831744631590912,Wed Sep 25 11:39:35 +0000 2013,9332,440,True,34573,2762,0,2,0,True,not_related_or_irrelevant,14,0,Client Web,True,4377
382831785198891008,Wed Sep 25 11:39:44 +0000 2013,1308,680,False,74976,3026,2,0,0,False,donation_needs_or_offers_or_volunteering_services,0,0,Client Web,False,4386
382831857869402112,Wed Sep 25 11:40:02 +0000 2013,4892,1925,True,272279,2334,3,1,1,False,not_related_or_irrelevant,1,0,Client Web,True,4404
382831886852427776,Wed Sep 25 11:40:09 +0000 2013,254308,11804,True,240738,3916,2,2,1,True,not_related_or_irrelevant,3,0,TweetDeck,True,4411
382831889435738112,Wed Sep 25 11:40:09 +0000 2013,365,4,False,161416,2606,3,0,1,False,not_related_or_irrelevant,0,0,OtherSite,False,4411
382831898004697088,Wed Sep 25 11:40:11 +0000 2013,3742,433,False,146397,2400,0,2,0,False,not_related_or_irrelevant,14,0,Client Web,True,4413
382831903751286784,Wed Sep 25 11:40:13 +0000 2013,1707,1944,False,126715,3177,1,1,1,False,donation_needs_or_offers_or_volunteering_services,45,0,UnofficialApps,True,4415
382831903893913600,Wed Sep 25 11:40:13 +0000 2013,699,1095,False,23818,2305,1,1,1,False,donation_needs_or_offers_or_volunteering_services,45,0,MobileWeb,True,4415
382831989302128641,Wed Sep 25 11:40:33 +0000 2013,381,978,False,5835,1907,2,1,0,False,not_related_or_irrelevant,9,0,MobileApp,True,4435
382832053361717248,Wed Sep 25 11:40:48 +0000 2013,9332,440,True,34573,2762,3,0,0,True,not_related_or_irrelevant,0,0,Client Web,False,4450
382832069862121472,Wed Sep 25 11:40:52 +0000 2013,393,393,False,27065,2736,1,1,1,False,donation_needs_or_offers_or_volunteering_services,40,0,Client Web,True,4454
382832078767026176,Wed Sep 25 11:40:54 +0000 2013,6651,6201,True,112603,3147,1,1,1,False,donation_needs_or_offers_or_volunteering_services,45,0,MobileApp,True,4456
382832126997311488,Wed Sep 25 11:41:06 +0000 2013,7911,85,False,22788,1713,5,2,0,False,not_related_or_irrelevant,1,0,OtherSite,True,4468
382832136664793088,Wed Sep 25 11:41:08 +0000 2013,3031,5004,False,46232,2991,1,1,0,False,sympathy_and_emotional_support,5,0,MobileApp,True,4470
382832200452157440,Wed Sep 25 11:41:23 +0000 2013,1023,1045,False,10233,2093,1,0,1,False,not_related_or_irrelevant,1,0,MobileApp,False,4485
382832317690937344,Wed Sep 25 11:41:51 +0000 2013,103,12,False,82666,3081,3,0,1,False,not_related_or_irrelevant,0,0,OtherSite,False,4513
382832345562087425,Wed Sep 25 11:41:58 +0000 2013,996,1732,True,11217,2365,3,1,0,False,sympathy_and_emotional_support,8,0,Client Web,True,4520
382832349265678336,Wed Sep 25 11:41:59 +0000 2013,6486,2402,True,113835,3237,3,1,0,False,donation_needs_or_offers_or_volunteering_services,12,0,Client Web,True,4521
382832419658682368,Wed Sep 25 11:42:16 +0000 2013,48,109,False,1625,2116,1,1,1,False,donation_needs_or_offers_or_volunteering_services,252,0,UnofficialApps,True,4538
382832496338939904,Wed Sep 25 11:42:34 +0000 2013,106,107,False,285,1729,2,2,1,False,not_related_or_irrelevant,2,0,Client Web,True,4556
382832560029462529,Wed Sep 25 11:42:49 +0000 2013,3103,228,True,160368,2606,2,0,1,False,donation_needs_or_offers_or_volunteering_services,1,0,Twitterfeed,False,4571
382832560704733184,Wed Sep 25 11:42:49 +0000 2013,3103,228,True,160368,2606,2,0,1,False,not_related_or_irrelevant,1,0,Twitterfeed,False,4571
382832608289095680,Wed Sep 25 11:43:01 +0000 2013,232,459,False,1625,1742,1,1,1,False,not_related_or_irrelevant,45,0,Client Web,True,4583
382832613716537344,Wed Sep 25 11:43:02 +0000 2013,14957,0,True,262638,1846,2,0,1,False,not_related_or_irrelevant,0,0,OtherSite,False,4584
382832635627978752,Wed Sep 25 11:43:07 +0000 2013,455,295,False,12234,1783,3,1,0,False,not_related_or_irrelevant,9,0,MobileApp,True,4589
382832669916430336,Wed Sep 25 11:43:15 +0000 2013,57118,2994,True,803931,2925,2,1,0,False,not_related_or_irrelevant,13,0,TweetDeck,True,4597
382832682604183552,Wed Sep 25 11:43:18 +0000 2013,16105,11144,True,297647,2206,1,1,1,False,not_related_or_irrelevant,45,0,OtherSite,True,4600
382832727134711808,Wed Sep 25 11:43:29 +0000 2013,79021,248,False,225751,3389,2,0,1,True,donation_needs_or_offers_or_volunteering_services,0,0,Client Web,False,4611
382832736320249856,Wed Sep 25 11:43:31 +0000 2013,4608,2641,True,145813,2095,2,0,1,False,donation_needs_or_offers_or_volunteering_services,0,0,Twitterfeed,False,4613
382832788719689729,Wed Sep 25 11:43:44 +0000 2013,52,143,False,4920,2157,2,1,0,False,not_related_or_irrelevant,1,0,Client Web,True,4626
382832791848636416,Wed Sep 25 11:43:44 +0000 2013,235,191,False,8369,3092,2,0,0,False,donation_needs_or_offers_or_volunteering_services,0,0,Client Web,False,4626
382832800669642752,Wed Sep 25 11:43:47 +0000 2013,2764,74,False,122532,1814,3,1,1,False,donation_needs_or_offers_or_volunteering_services,5,0,OtherSite,True,4629
382832824426192897,Wed Sep 25 11:43:52 +0000 2013,455,295,False,12234,1783,3,1,0,False,donation_needs_or_offers_or_volunteering_services,4,0,MobileApp,True,4634
382832850825150464,Wed Sep 25 11:43:58 +0000 2013,1115,318,False,2875,2138,1,0,0,False,donation_needs_or_offers_or_volunteering_services,0,0,MobileApp,False,4640
382832937458470912,Wed Sep 25 11:44:19 +0000 2013,4032,1049,True,29099,2656,1,0,0,False,sympathy_and_emotional_support,2,0,MobileApp,True,4661
382832941522755584,Wed Sep 25 11:44:20 +0000 2013,4032,1049,True,29099,2656,1,1,1,False,donation_needs_or_offers_or_volunteering_services,2,0,MobileApp,True,4662
382832990763483140,Wed Sep 25 11:44:32 +0000 2013,445,587,False,1491,3147,1,1,0,False,not_related_or_irrelevant,17,0,MobileApp,True,4674
382833021268660224,Wed Sep 25 11:44:39 +0000 2013,13831,235,False,363545,2427,2,0,1,False,not_related_or_irrelevant,0,0,Twitterfeed,False,4681
382833036741464064,Wed Sep 25 11:44:43 +0000 2013,5285,1234,False,94075,2786,4,1,0,False,donation_needs_or_offers_or_volunteering_services,14,0,Client Web,True,4685
382833052214644736,Wed Sep 25 11:44:47 +0000 2013,401,35,True,115005,2173,4,0,0,False,donation_needs_or_offers_or_volunteering_services,0,0,MobileApp,False,4689
382833054357917696,Wed Sep 25 11:44:47 +0000 2013,1107,143,True,41746,2294,6,0,1,False,donation_needs_or_offers_or_volunteering_services,0,0,OtherSite,False,4689
382833105431564288,Wed Sep 25 11:44:59 +0000 2013,27,31,True,1667,1988,1,1,1,False,not_related_or_irrelevant,45,0,Tablet,True,4701
382833112696111104,Wed Sep 25 11:45:01 +0000 2013,2210,2573,True,42173,2897,2,0,1,False,donation_needs_or_offers_or_volunteering_services,0,0,MobileApp,False,4703
382833154764972033,Wed Sep 25 11:45:11 +0000 2013,2389,624,True,25645,2738,0,2,0,False,donation_needs_or_offers_or_volunteering_services,14,0,Client Web,True,4713
382833155616432129,Wed Sep 25 11:45:11 +0000 2013,750,188,False,6741,2799,3,1,0,False,not_related_or_irrelevant,0,0,Client Web,False,4713
382833163904360448,Wed Sep 25 11:45:13 +0000 2013,1232,2026,False,16388,3821,1,1,1,False,not_related_or_irrelevant,252,0,MobileApp,True,4715
382833167063089152,Wed Sep 25 11:45:14 +0000 2013,264,401,True,1982,1910,3,1,1,False,not_related_or_irrelevant,0,0,UnofficialApps,False,4716
382833195890139136,Wed Sep 25 11:45:21 +0000 2013,188,105,True,15786,1876,4,0,0,False,sympathy_and_emotional_support,0,0,Client Web,False,4723
382833219730935809,Wed Sep 25 11:45:26 +0000 2013,401,35,True,115005,2173,4,0,0,False,sympathy_and_emotional_support,0,0,MobileApp,False,4728
382833223291912192,Wed Sep 25 11:45:27 +0000 2013,2480,55,True,12015,2520,2,0,1,False,sympathy_and_emotional_support,0,0,Facebook,False,4729
382833245814919168,Wed Sep 25 11:45:33 +0000 2013,2123,1749,False,6079,2575,2,0,1,False,sympathy_and_emotional_support,0,0,Client Web,False,4735
382833254015180800,Wed Sep 25 11:45:35 +0000 2013,455,295,False,12234,1783,0,1,0,False,not_related_or_irrelevant,2,0,MobileApp,True,4737
382833268410048512,Wed Sep 25 11:45:38 +0000 2013,26668,397,False,58265,2503,0,2,0,False,not_related_or_irrelevant,14,0,MobileApp,True,4740
382833282989441024,Wed Sep 25 11:45:42 +0000 2013,401,35,True,115005,2173,4,0,0,False,not_related_or_irrelevant,0,0,MobileApp,False,4744
382833286516453376,Wed Sep 25 11:45:42 +0000 2013,20995,130,True,15346,2161,4,0,0,False,not_related_or_irrelevant,0,0,Client Web,False,4744
382833289418903552,Wed Sep 25 11:45:43 +0000 2013,7578,6726,False,225018,2077,8,0,1,False,not_related_or_irrelevant,1,0,TweetDeck,False,4745
382833426552074240,Wed Sep 25 11:46:16 +0000 2013,401,35,True,115005,2173,4,0,0,False,not_related_or_irrelevant,0,0,MobileApp,False,4778
382833488640372736,Wed Sep 25 11:46:31 +0000 2013,455,295,False,12234,1783,1,1,1,False,donation_needs_or_offers_or_volunteering_services,2,0,MobileApp,True,4793
382833505144557568,Wed Sep 25 11:46:34 +0000 2013,5285,1234,False,94075,2786,5,1,0,False,donation_needs_or_offers_or_volunteering_services,0,0,Client Web,False,4796
382833525172748288,Wed Sep 25 11:46:39 +0000 2013,4556,1458,True,78392,2653,3,1,0,False,not_related_or_irrelevant,1,0,MobileApp,True,4801
382833528603676672,Wed Sep 25 11:46:40 +0000 2013,401,35,True,115005,2173,4,0,0,False,not_related_or_irrelevant,0,0,MobileApp,False,4802
382833598707281920,Wed Sep 25 11:46:57 +0000 2013,19,57,False,199,1750,1,0,0,False,not_related_or_irrelevant,0,0,MobileApp,False,4819
382833642214797312,Wed Sep 25 11:47:07 +0000 2013,695,11,False,22864,1745,3,1,0,False,not_related_or_irrelevant,2,0,OtherSite,True,4829
382833700854980608,Wed Sep 25 11:47:21 +0000 2013,153,4455,False,170520,1810,4,0,0,False,not_related_or_irrelevant,1,1,Client Web,False,4843
382833754890182656,Wed Sep 25 11:47:34 +0000 2013,13831,235,False,363545,2427,2,0,1,False,donation_needs_or_offers_or_volunteering_services,0,0,Twitterfeed,False,4856
382833757935247360,Wed Sep 25 11:47:35 +0000 2013,4521,886,True,7148,2401,1,0,1,False,sympathy_and_emotional_support,1,0,Client Web,False,4857
382833773345517568,Wed Sep 25 11:47:38 +0000 2013,3158,2220,False,6153,3603,2,0,1,False,not_related_or_irrelevant,0,1,UnofficialApps,False,4860
382833832644575232,Wed Sep 25 11:47:53 +0000 2013,534669,742,True,265326,2811,1,0,0,True,not_related_or_irrelevant,1,0,MobileApp,False,4875
382833847433306114,Wed Sep 25 11:47:56 +0000 2013,1521,266,True,20304,2566,2,1,1,False,not_related_or_irrelevant,2,0,Client Web,True,4878
382833921609990144,Wed Sep 25 11:48:14 +0000 2013,455,295,False,12234,1783,2,1,0,False,not_related_or_irrelevant,3,0,MobileApp,True,4896
382833935040143360,Wed Sep 25 11:48:17 +0000 2013,535,486,False,19573,2948,1,1,1,False,sympathy_and_emotional_support,40,0,MobileApp,True,4899
382833952911659008,Wed Sep 25 11:48:21 +0000 2013,906,2481,True,3573,3242,2,0,1,False,not_related_or_irrelevant,0,0,Client Web,False,4903
382833973690261504,Wed Sep 25 11:48:26 +0000 2013,240,593,True,3121,2413,1,1,0,False,sympathy_and_emotional_support,11,0,Client Web,True,4908
382833977704607744,Wed Sep 25 11:48:27 +0000 2013,19550,79,True,177112,2931,3,1,0,False,not_related_or_irrelevant,0,0,MobileApp,False,4909
382834060822724611,Wed Sep 25 11:48:47 +0000 2013,581,1411,False,9655,3026,1,3,0,False,not_related_or_irrelevant,0,0,Client Web,False,4929
382834094108733442,Wed Sep 25 11:48:55 +0000 2013,13831,235,False,363545,2427,2,0,1,False,donation_needs_or_offers_or_volunteering_services,0,0,Twitterfeed,False,4937
382834112006197248,Wed Sep 25 11:48:59 +0000 2013,6347,661,True,35765,2499,1,3,0,False,not_related_or_irrelevant,2,0,MobileApp,True,4941
382834143278948353,Wed Sep 25 11:49:07 +0000 2013,6710,484,False,68071,2849,2,2,0,False,donation_needs_or_offers_or_volunteering_services,1,0,MobileApp,False,4949
382834176783036416,Wed Sep 25 11:49:15 +0000 2013,6347,661,True,35765,2499,0,3,0,False,not_related_or_irrelevant,1,0,MobileApp,True,4957
382834317225115648,Wed Sep 25 11:49:48 +0000 2013,534669,742,True,265326,2811,1,0,0,True,sympathy_and_emotional_support,2,0,MobileApp,False,4990
382834389111291905,Wed Sep 25 11:50:05 +0000 2013,364,831,False,22465,2835,4,0,1,False,donation_needs_or_offers_or_volunteering_services,0,0,OtherSite,False,5007
382834441069932544,Wed Sep 25 11:50:18 +0000 2013,4892,1925,True,272279,2334,3,3,1,False,donation_needs_or_offers_or_volunteering_services,1,0,Client Web,True,5020
382834444647673856,Wed Sep 25 11:50:18 +0000 2013,1418,2478,True,41048,2281,1,1,1,False,donation_needs_or_offers_or_volunteering_services,40,0,MobileApp,True,5020
382834494732242944,Wed Sep 25 11:50:30 +0000 2013,455,295,False,12234,1783,2,2,0,False,donation_needs_or_offers_or_volunteering_services,1,0,MobileApp,False,5032
382834502193930241,Wed Sep 25 11:50:32 +0000 2013,174,160,False,17612,2239,4,2,0,False,not_related_or_irrelevant,10,0,MobileApp,True,5034
382834533772447744,Wed Sep 25 11:50:40 +0000 2013,146,218,True,12851,2180,3,2,0,False,sympathy_and_emotional_support,5,0,Client Web,True,5042
382834562285334528,Wed Sep 25 11:50:47 +0000 2013,238,808,True,2849,1823,2,1,0,False,donation_needs_or_offers_or_volunteering_services,3,0,MobileApp,True,5049
382834575711297537,Wed Sep 25 11:50:50 +0000 2013,52,143,False,4920,2157,2,1,0,False,sympathy_and_emotional_support,3,0,Client Web,True,5052
382834577271554048,Wed Sep 25 11:50:50 +0000 2013,3397,588,True,158962,3103,2,0,0,False,sympathy_and_emotional_support,1,0,MobileApp,False,5052
382834662479245312,Wed Sep 25 11:51:10 +0000 2013,2316,2528,False,56745,3185,1,1,1,False,donation_needs_or_offers_or_volunteering_services,40,0,MobileApp,True,5072
382834863529017344,Wed Sep 25 11:51:58 +0000 2013,77388,1786,False,171872,2578,2,0,1,True,not_related_or_irrelevant,1,0,OtherSite,False,5120
382834872177262592,Wed Sep 25 11:52:00 +0000 2013,75,37,True,6450,2046,1,1,0,False,not_related_or_irrelevant,3,0,MobileApp,True,5122
382834940695425024,Wed Sep 25 11:52:17 +0000 2013,13700,587,False,91457,3052,1,0,0,False,donation_needs_or_offers_or_volunteering_services,4,0,Facebook,False,5139
382834960173764608,Wed Sep 25 11:52:21 +0000 2013,17420,873,False,69138,2735,1,1,0,False,not_related_or_irrelevant,23,0,MobileApp,True,5143
382834973797253120,Wed Sep 25 11:52:25 +0000 2013,249,260,True,9086,2420,1,1,1,False,donation_needs_or_offers_or_volunteering_services,45,0,MobileApp,True,5147
382835027433644032,Wed Sep 25 11:52:37 +0000 2013,2235,442,True,130602,1854,2,1,1,False,not_related_or_irrelevant,2,0,MobileApp,True,5159
382835061324021760,Wed Sep 25 11:52:46 +0000 2013,6347,661,True,35765,2499,1,3,0,False,not_related_or_irrelevant,3,0,MobileApp,True,5168
382835130899103744,Wed Sep 25 11:53:02 +0000 2013,3362,306,True,41410,2471,1,1,0,False,donation_needs_or_offers_or_volunteering_services,20,0,MobileApp,True,5184
382835136427208704,Wed Sep 25 11:53:03 +0000 2013,4032,1049,True,29099,2656,2,1,0,False,donation_needs_or_offers_or_volunteering_services,3,0,MobileApp,True,5185
382835167494410240,Wed Sep 25 11:53:11 +0000 2013,2031,390,True,11900,1932,3,1,0,False,donation_needs_or_offers_or_volunteering_services,5,0,MobileApp,True,5193
382835188457553920,Wed Sep 25 11:53:16 +0000 2013,9312,1860,False,19886,3686,2,0,1,False,donation_needs_or_offers_or_volunteering_services,0,0,UnofficialApps,False,5198
382835270338367488,Wed Sep 25 11:53:35 +0000 2013,1047,89,False,51051,3180,1,1,0,False,sympathy_and_emotional_support,4,0,Client Web,True,5217
382835299602419712,Wed Sep 25 11:53:42 +0000 2013,179,322,False,8276,2221,1,1,0,False,donation_needs_or_offers_or_volunteering_services,4,0,MobileWeb,True,5224
382835307730567169,Wed Sep 25 11:53:44 +0000 2013,2001,393,True,37680,2998,3,0,0,False,not_related_or_irrelevant,0,0,Client Web,False,5226
382835318841298944,Wed Sep 25 11:53:47 +0000 2013,1509,1378,False,31100,3322,1,1,1,False,donation_needs_or_offers_or_volunteering_services,3,0,UnofficialApps,True,5229
382835377788035074,Wed Sep 25 11:54:01 +0000 2013,1307681,1651,True,5408,2295,1,0,0,True,sympathy_and_emotional_support,29,18,Client Web,False,5243
382835418653151232,Wed Sep 25 11:54:11 +0000 2013,8679,136,False,95504,3267,2,0,1,False,not_related_or_irrelevant,0,0,Twitterfeed,False,5253
382835425867751424,Wed Sep 25 11:54:12 +0000 2013,1093,424,False,13226,2307,3,1,0,False,donation_needs_or_offers_or_volunteering_services,5,0,MobileApp,True,5254
382835467357814784,Wed Sep 25 11:54:22 +0000 2013,160,81,False,579,2652,2,1,1,False,donation_needs_or_offers_or_volunteering_services,3,0,MobileApp,True,5264
382835479814492160,Wed Sep 25 11:54:25 +0000 2013,5118,434,False,39582,2530,0,2,0,False,donation_needs_or_offers_or_volunteering_services,14,0,Client Web,True,5267
382835526648098816,Wed Sep 25 11:54:36 +0000 2013,1442,2,True,66210,2665,2,0,1,False,donation_needs_or_offers_or_volunteering_services,0,0,TweetDeck,False,5278
382835554397589504,Wed Sep 25 11:54:43 +0000 2013,379,344,True,21999,3263,1,1,1,False,not_related_or_irrelevant,252,0,Client Web,True,5285
382835582595919872,Wed Sep 25 11:54:50 +0000 2013,750,188,False,6741,2799,1,4,0,False,not_related_or_irrelevant,0,0,Client Web,False,5292
382835612673642496,Wed Sep 25 11:54:57 +0000 2013,455,295,False,12234,1783,3,0,0,False,not_related_or_irrelevant,1,0,MobileApp,False,5299
382835613960896512,Wed Sep 25 11:54:57 +0000 2013,544,483,True,27239,2694,1,1,0,False,donation_needs_or_offers_or_volunteering_services,4,0,Client Web,True,5299
382835614820745216,Wed Sep 25 11:54:57 +0000 2013,370,582,False,9100,2933,1,0,0,False,not_related_or_irrelevant,29,0,MobileApp,True,5299
382835715136323584,Wed Sep 25 11:55:21 +0000 2013,8072,655,True,45896,2477,4,8,0,False,donation_needs_or_offers_or_volunteering_services,2,0,MobileApp,True,5323
382835718650744833,Wed Sep 25 11:55:22 +0000 2013,52,143,False,4920,2157,4,1,1,False,donation_needs_or_offers_or_volunteering_services,14,0,Client Web,True,5324
382835725437136898,Wed Sep 25 11:55:24 +0000 2013,118,614,False,202,2158,2,1,1,False,donation_needs_or_offers_or_volunteering_services,8,0,Client Web,True,5326
382835733658345472,Wed Sep 25 11:55:26 +0000 2013,3071,3437,False,21409,2450,2,0,1,False,not_related_or_irrelevant,0,0,OtherSite,False,5328
382835741526470656,Wed Sep 25 11:55:28 +0000 2013,264,719,True,1752,1723,1,0,0,False,not_related_or_irrelevant,29,0,Client Web,True,5330
382835746778124288,Wed Sep 25 11:55:29 +0000 2013,1914,9,True,1065,1815,2,0,1,False,donation_needs_or_offers_or_volunteering_services,0,0,Facebook,False,5331
382835754302308353,Wed Sep 25 11:55:31 +0000 2013,667,473,True,51747,2815,2,1,0,False,not_related_or_irrelevant,1,0,MobileApp,True,5333
382835784673288192,Wed Sep 25 11:55:38 +0000 2013,6082,901,False,18563,2849,3,1,1,False,not_related_or_irrelevant,2,0,MobileApp,True,5340
382835871919001601,Wed Sep 25 11:55:59 +0000 2013,828,2098,True,76197,2260,1,2,0,False,donation_needs_or_offers_or_volunteering_services,1,0,Client Web,True,5361
382835984637112320,Wed Sep 25 11:56:26 +0000 2013,717,96,True,36057,3096,5,1,0,False,not_related_or_irrelevant,0,0,MobileApp,False,5388
382836073879326720,Wed Sep 25 11:56:47 +0000 2013,19550,79,True,177113,2931,1,0,0,False,donation_needs_or_offers_or_volunteering_services,29,0,MobileApp,True,5409
382836097358643201,Wed Sep 25 11:56:53 +0000 2013,673,580,True,15631,3313,2,1,1,False,not_related_or_irrelevant,8,0,Client Web,True,5415
382836120397959168,Wed Sep 25 11:56:58 +0000 2013,1274407,77,True,245210,3076,3,0,0,True,not_related_or_irrelevant,3,2,Client Web,False,5420
382836142510710784,Wed Sep 25 11:57:03 +0000 2013,113,415,False,7189,2197,1,0,1,False,donation_needs_or_offers_or_volunteering_services,0,0,MobileApp,False,5425
382836161086910465,Wed Sep 25 11:57:08 +0000 2013,750,188,False,6741,2799,1,1,0,False,not_related_or_irrelevant,0,0,Client Web,False,5430
382836168431120384,Wed Sep 25 11:57:09 +0000 2013,273,297,False,130,2368,1,0,0,False,donation_needs_or_offers_or_volunteering_services,0,0,Client Web,False,5431
382836180070727680,Wed Sep 25 11:57:12 +0000 2013,4556,1458,True,78392,2653,1,1,0,False,sympathy_and_emotional_support,4,0,MobileApp,True,5434
382836208155754496,Wed Sep 25 11:57:19 +0000 2013,69174,2050,False,68397,3582,2,0,1,True,sympathy_and_emotional_support,2,0,TweetDeck,False,5441
382836237888790529,Wed Sep 25 11:57:26 +0000 2013,189,514,True,10634,3247,1,0,0,False,not_related_or_irrelevant,29,0,Client Web,True,5448
382836240057262082,Wed Sep 25 11:57:27 +0000 2013,406,497,False,9963,2050,4,1,0,False,not_related_or_irrelevant,8,0,Client Web,True,5449
382836256859627521,Wed Sep 25 11:57:31 +0000 2013,9334,440,True,34573,2762,2,0,0,True,donation_needs_or_offers_or_volunteering_services,2,0,Client Web,False,5453
382836264317497344,Wed Sep 25 11:57:32 +0000 2013,1148,653,True,19942,3346,2,1,0,False,not_related_or_irrelevant,32,0,MobileApp,True,5454
382836561743593472,Wed Sep 25 11:58:43 +0000 2013,18,102,False,7,2358,1,0,0,False,not_related_or_irrelevant,0,2,Client Web,False,5525
382836569742118912,Wed Sep 25 11:58:45 +0000 2013,5307,815,False,189078,3400,0,1,0,False,donation_needs_or_offers_or_volunteering_services,2,0,MobileApp,True,5527
382836685257453568,Wed Sep 25 11:59:13 +0000 2013,4056,135,True,123424,2363,5,1,0,False,donation_needs_or_offers_or_volunteering_services,1,0,Client Web,True,5555
382836715607441409,Wed Sep 25 11:59:20 +0000 2013,2762,205,True,15774,3006,2,1,1,False,donation_needs_or_offers_or_volunteering_services,2,0,Client Web,True,5562
382836738521329664,Wed Sep 25 11:59:25 +0000 2013,1540,1667,True,88962,2091,3,1,0,False,donation_needs_or_offers_or_volunteering_services,2,0,OtherSite,True,5567
382836782888280064,Wed Sep 25 11:59:36 +0000 2013,273,297,False,130,2368,1,0,1,False,donation_needs_or_offers_or_volunteering_services,0,0,Client Web,False,5578
382836823040335873,Wed Sep 25 11:59:46 +0000 2013,9334,440,True,34573,2762,6,0,0,True,sympathy_and_emotional_support,0,0,Client Web,False,5588
382836834620805121,Wed Sep 25 11:59:48 +0000 2013,62,109,False,4222,1707,3,1,0,False,not_related_or_irrelevant,171,0,TweetDeck,True,5590
382836834914426881,Wed Sep 25 11:59:48 +0000 2013,152,110,False,4159,1708,3,1,0,False,not_related_or_irrelevant,171,0,TweetDeck,True,5590
382836891944357888,Wed Sep 25 12:00:02 +0000 2013,9334,440,True,34573,2762,1,2,0,True,donation_needs_or_offers_or_volunteering_services,2,0,Client Web,True,5604
382836963964747776,Wed Sep 25 12:00:19 +0000 2013,1851,1837,True,33931,2095,2,0,0,False,not_related_or_irrelevant,0,0,Client Web,False,5621
382837010882240512,Wed Sep 25 12:00:30 +0000 2013,231,594,False,10531,2276,4,1,0,False,not_related_or_irrelevant,2,0,Client Web,True,5632
382837027760504832,Wed Sep 25 12:00:34 +0000 2013,7407,598,False,468577,3166,2,1,0,False,donation_needs_or_offers_or_volunteering_services,32,0,MobileApp,True,5636
382837032612950016,Wed Sep 25 12:00:36 +0000 2013,5307,815,False,189078,3400,4,1,0,False,not_related_or_irrelevant,8,0,MobileApp,True,5638
382837044109537280,Wed Sep 25 12:00:38 +0000 2013,231,105,True,2910,2473,0,1,0,False,not_related_or_irrelevant,342,0,Client Web,True,5640
382837053022429185,Wed Sep 25 12:00:40 +0000 2013,231,594,False,10531,2276,4,1,0,False,not_related_or_irrelevant,6,0,Client Web,True,5642
382837106491412480,Wed Sep 25 12:00:53 +0000 2013,2854,986,True,4475,2409,2,1,0,False,donation_needs_or_offers_or_volunteering_services,3,0,Client Web,True,5655
382837129753018368,Wed Sep 25 12:00:59 +0000 2013,1609,864,True,4502,2712,3,1,1,False,not_related_or_irrelevant,0,0,Developer,False,5661
382837135822577664,Wed Sep 25 12:01:00 +0000 2013,10695,436,False,92656,3103,2,1,0,False,not_related_or_irrelevant,0,0,MobileApp,False,5662
382837177484210176,Wed Sep 25 12:01:10 +0000 2013,581,1411,False,9655,3026,3,0,0,False,not_related_or_irrelevant,0,0,Client Web,False,5672
382837191509942272,Wed Sep 25 12:01:13 +0000 2013,6684,2011,False,35454,2934,3,1,0,False,donation_needs_or_offers_or_volunteering_services,3,0,Client Web,True,5675
382837206093553664,Wed Sep 25 12:01:17 +0000 2013,19931,1786,False,76113,3191,2,2,0,False,donation_needs_or_offers_or_volunteering_services,1,0,Client Web,True,5679
382837272996884480,Wed Sep 25 12:01:33 +0000 2013,153,4455,False,170520,1810,2,0,0,False,sympathy_and_emotional_support,1,2,Client Web,False,5695
382837290029957120,Wed Sep 25 12:01:37 +0000 2013,5307,815,False,189078,3400,1,1,0,False,not_related_or_irrelevant,3,0,MobileApp,True,5699
382837306651983872,Wed Sep 25 12:01:41 +0000 2013,172,109,False,4205,1708,0,1,0,False,donation_needs_or_offers_or_volunteering_services,163,0,TweetDeck,True,5703
382837314747400192,Wed Sep 25 12:01:43 +0000 2013,125,256,False,7946,2671,1,1,1,False,not_related_or_irrelevant,45,0,MobileApp,True,5705
382837388764250112,Wed Sep 25 12:02:00 +0000 2013,80,34,False,11014,2405,1,0,1,False,not_related_or_irrelevant,0,0,UnofficialApps,False,5722
382837394757517313,Wed Sep 25 12:02:02 +0000 2013,323,286,True,18326,1809,1,0,0,False,not_related_or_irrelevant,0,0,MobileApp,False,5724
382837428857221120,Wed Sep 25 12:02:10 +0000 2013,7,14,False,4,2956,4,1,1,False,sympathy_and_emotional_support,14,0,Client Web,True,5732
382837486143041536,Wed Sep 25 12:02:24 +0000 2013,2953,594,False,23424,2408,4,1,0,False,donation_needs_or_offers_or_volunteering_services,8,0,Client Web,True,5746
382837519861051392,Wed Sep 25 12:02:32 +0000 2013,152,110,False,4159,1708,2,1,0,False,donation_needs_or_offers_or_volunteering_services,127,0,TweetDeck,True,5754
382837523417821185,Wed Sep 25 12:02:33 +0000 2013,3185,1183,False,49596,2231,3,0,1,False,donation_needs_or_offers_or_volunteering_services,3,0,Developer,False,5755
382837568527560704,Wed Sep 25 12:02:43 +0000 2013,155,93,False,846,2580,0,1,0,False,not_related_or_irrelevant,12,0,Client Web,True,5765
382837583362809856,Wed Sep 25 12:02:47 +0000 2013,1442,2,True,66210,2665,3,0,1,False,donation_needs_or_offers_or_volunteering_services,0,0,TweetDeck,False,5769
382830219968909312,Wed Sep 25 11:33:31 +0000 2013,16867,5411,False,307659,2665,5,0,1,False,donation_needs_or_offers_or_volunteering_services,1,0,OtherSite,False,4013
382830434167439360,Wed Sep 25 11:34:22 +0000 2013,2226,161,True,2210,2866,1,1,1,False,donation_needs_or_offers_or_volunteering_services,1,0,Client Web,False,4064
382818863072960512,Wed Sep 25 10:48:24 +0000 2013,109371,609,True,17193,2919,2,0,1,False,sympathy_and_emotional_support,1,0,Facebook,False,1306
382837135822577664,Wed Sep 25 12:01:00 +0000 2013,10695,436,False,92656,3103,2,1,0,False,not_related_or_irrelevant,0,0,MobileApp,False,5662
382817567519154176,Wed Sep 25 10:43:15 +0000 2013,102319,0,True,155322,2296,2,0,1,True,not_related_or_irrelevant,0,0,Developer,False,997
382827662109986816,Wed Sep 25 11:23:21 +0000 2013,9334,440,True,34573,2762,7,0,0,True,donation_needs_or_offers_or_volunteering_services,3,0,Client Web,False,3403
